Timestamp,Force_X_N,Force_Y_N,Force_Z_N,Force_Magnitude_N,Quat_Q1,Quat_Q2,Quat_Q3,Quat_Q4
2025/08/09 18:16:21.841,-0.001,0.142,-23.517,23.51742872849836,0.999883,-0.015283,-9.4e-05,-1e-06
2025/08/09 18:16:21.940,-0.002,0.139,-23.519,23.519410834457567,0.999888,-0.014916,-0.000223,-3e-06
2025/08/09 18:16:22.034,-0.005,0.147,-23.537,23.537459569800646,0.999874,-0.015816,-0.000574,-9e-06
2025/08/09 18:16:22.134,-0.007,0.137,-23.524,23.524399971093846,0.999891,-0.014692,-0.000832,-1.2e-05
2025/08/09 18:16:22.235,0.0,0.133,-23.514,23.51437613461178,0.999897,-0.014289,3.2e-05,0.0
2025/08/09 18:16:22.334,0.006,0.136,-23.534,23.53439372492948,0.999893,-0.014613,0.000673,9e-06
2025/08/09 18:16:22.435,-0.013,0.143,-23.544,23.544437856954666,0.99988,-0.015421,-0.001406,-2.1e-05
2025/08/09 18:16:22.533,-0.003,0.137,-23.515,23.51539927366746,0.999891,-0.014744,-0.000418,-6e-06
2025/08/09 18:16:22.635,0.007,0.136,-23.511,23.511394386552237,0.999893,-0.014609,0.00076,1.1e-05
2025/08/09 18:16:22.734,-0.012,0.143,-23.541,23.54143738177429,0.99988,-0.015402,-0.00134,-2e-05
2025/08/09 18:16:22.834,-0.01,0.142,-23.523,23.523430723429776,0.999882,-0.015293,-0.001161,-1.7e-05
2025/08/09 18:16:22.934,-0.001,0.139,-23.511,23.51141091044942,0.999888,-0.014953,-0.000134,-2e-06
2025/08/09 18:16:23.034,-0.011,0.138,-23.539,23.539407086840573,0.999888,-0.014874,-0.001251,-1.8e-05
2025/08/09 18:16:23.134,-0.011,0.145,-23.538,23.53844918426021,0.999877,-0.015597,-0.001204,-1.8e-05
2025/08/09 18:16:23.235,0.009,0.146,-23.506,23.50645513470715,0.999876,-0.015706,0.001013,1.5e-05
2025/08/09 18:16:23.334,-0.005,0.143,-23.52,23.520435242571512,0.999881,-0.015362,-0.000543,-8e-06
2025/08/09 18:16:23.435,-0.014,0.14,-23.551,23.551420275643675,0.999885,-0.015065,-0.001544,-2.3e-05
2025/08/09 18:16:23.533,-0.001,0.14,-23.518,23.518416719668863,0.999887,-0.015004,-9e-05,-1e-06
2025/08/09 18:16:23.634,0.004,0.134,-23.507,23.507382266003162,0.999895,-0.014441,0.000455,6e-06
2025/08/09 18:16:23.734,-0.011,0.143,-23.547,23.54743678195145,0.99988,-0.015395,-0.00119,-1.8e-05
2025/08/09 18:16:23.835,-0.01,0.14,-23.531,23.53141859302154,0.999886,-0.015031,-0.001171,-1.7e-05
2025/08/09 18:16:23.934,-0.003,0.139,-23.511,23.511411080579574,0.999887,-0.014965,-0.000379,-5e-06
2025/08/09 18:16:24.035,0.051,0.182,-23.507,23.507759867754306,0.999794,-0.019516,0.005491,0.000107
2025/08/09 18:16:24.133,-0.046,0.169,-23.535,23.53565172244015,0.999822,-0.018199,-0.004988,-9e-05
2025/08/09 18:16:24.234,-0.011,0.223,-23.512,23.513060073074286,0.999713,-0.023913,-0.001212,-2.8e-05
2025/08/09 18:16:24.334,-0.008,0.118,-23.524,23.524297311503272,0.999919,-0.012652,-0.000913,-1.1e-05
2025/08/09 18:16:24.435,0.009,0.123,-23.535,23.53532313353696,0.999911,-0.013273,0.001004,1.3e-05
2025/08/09 18:16:24.533,0.056,0.14,-23.499,23.49948376028716,0.999869,-0.015025,0.006008,9e-05
2025/08/09 18:16:24.634,0.062,0.163,-23.491,23.491647324102242,0.999823,-0.017544,0.006733,0.000118
2025/08/09 18:16:24.733,-0.01,0.198,-23.524,23.524835387309302,0.999773,-0.021282,-0.001131,-2.4e-05
2025/08/09 18:16:24.834,-0.086,0.201,-23.563,23.564014216597307,0.999724,-0.021557,-0.009305,-0.0002
2025/08/09 18:16:24.933,-0.083,0.176,-23.542,23.542804187267073,0.999782,-0.018861,-0.008965,-0.000169
2025/08/09 18:16:25.034,-0.004,0.113,-23.521,23.52127177684064,0.999925,-0.012174,-0.00047,-5e-06
2025/08/09 18:16:25.133,0.057,0.081,-23.507,23.507208660323755,0.999942,-0.008777,0.006165,5.4e-05
2025/08/09 18:16:25.234,0.033,0.123,-23.493,23.49334516410977,0.999906,-0.01322,0.003608,4.7e-05
2025/08/09 18:16:25.333,-0.074,0.191,-23.537,23.53789128193093,0.999758,-0.020472,-0.008024,-0.000164
2025/08/09 18:16:25.433,-0.139,0.203,-23.58,23.581283468038798,0.999651,-0.021744,-0.014982,-0.000325
2025/08/09 18:16:25.533,-0.073,0.179,-23.54,23.540793741928074,0.999785,-0.019171,-0.007906,-0.000151
2025/08/09 18:16:25.633,0.068,0.096,-23.461,23.46129495573507,0.999919,-0.010373,0.00732,7.5e-05
2025/08/09 18:16:25.733,0.137,0.05,-23.47,23.470453105979864,0.999877,-0.005358,0.014748,7.9e-05
2025/08/09 18:16:25.833,0.083,0.103,-23.488,23.48837248512549,0.999899,-0.011038,0.008905,9.8e-05
2025/08/09 18:16:25.933,-0.015,0.161,-23.459,23.45955726351203,0.999849,-0.017287,-0.001696,-2.9e-05
2025/08/09 18:16:26.033,-0.076,0.164,-23.489,23.489695464181736,0.999811,-0.017589,-0.008177,-0.000143
2025/08/09 18:16:26.133,-0.039,0.136,-23.489,23.489426089200222,0.999883,-0.014668,-0.004197,-6.1e-05
2025/08/09 18:16:26.233,0.073,0.093,-23.419,23.419298430994896,0.999918,-0.010024,0.007899,7.9e-05
2025/08/09 18:16:26.333,0.127,0.057,-23.394,23.394414162359354,0.999887,-0.00619,0.013678,8.4e-05
2025/08/09 18:16:26.433,0.054,0.117,-23.463,23.46335385233748,0.999904,-0.012532,0.005849,7.3e-05
2025/08/09 18:16:26.533,-0.072,0.19,-23.49,23.490878740481378,0.999761,-0.020389,-0.007808,-0.000159
2025/08/09 18:16:26.633,-0.127,0.196,-23.505,23.50616025640938,0.999686,-0.021012,-0.013647,-0.000286
2025/08/09 18:16:26.733,-0.045,0.153,-23.464,23.464541972942918,0.999853,-0.016428,-0.004855,-7.9e-05
2025/08/09 18:16:26.833,0.073,0.083,-23.436,23.436260665899752,0.999929,-0.008947,0.007885,7e-05
2025/08/09 18:16:26.933,0.128,0.054,-23.392,23.392412530562126,0.999887,-0.005863,0.013789,8e-05
2025/08/09 18:16:27.033,0.038,0.127,-23.447,23.447374735777988,0.999897,-0.013703,0.004159,5.7e-05
2025/08/09 18:16:27.133,-0.097,0.223,-23.508,23.509257793473616,0.999659,-0.023906,-0.01045,-0.000249
2025/08/09 18:16:27.233,-0.158,0.222,-23.529,23.530577744713366,0.999572,-0.023778,-0.017007,-0.000404
2025/08/09 18:16:27.333,-0.092,0.183,-23.489,23.489893018062045,0.999757,-0.019678,-0.009907,-0.000195
2025/08/09 18:16:27.433,0.039,0.123,-23.463,23.463354811279654,0.999903,-0.013213,0.004223,5.5e-05
2025/08/09 18:16:27.533,0.093,0.093,-23.42,23.42036929683219,0.999899,-0.010036,0.010053,0.0001
2025/08/09 18:16:27.633,0.04,0.14,-23.436,23.436452291249203,0.999877,-0.015055,0.004285,6.4e-05
2025/08/09 18:16:27.733,-0.058,0.215,-23.482,23.483055870137512,0.999713,-0.023118,-0.006218,-0.000143
2025/08/09 18:16:27.833,-0.104,0.203,-23.521,23.522105900620378,0.999699,-0.02179,-0.011222,-0.000244
2025/08/09 18:16:27.933,-0.016,0.152,-23.433,23.433498437066543,0.999865,-0.016298,-0.001721,-2.8e-05
2025/08/09 18:16:28.033,0.067,0.083,-23.407,23.40724304568994,0.999933,-0.008986,0.007233,6.5e-05
2025/08/09 18:16:28.133,0.107,0.056,-23.424,23.424311323921565,0.999915,-0.006067,0.011462,6.9e-05
2025/08/09 18:16:28.234,0.047,0.113,-23.438,23.4383195216722,0.999913,-0.01212,0.005083,6.1e-05
2025/08/09 18:16:28.334,-0.054,0.201,-23.468,23.468922876859942,0.999751,-0.021528,-0.005814,-0.000125
2025/08/09 18:16:28.434,-0.118,0.201,-23.024,23.02517971699678,0.999687,-0.021531,-0.012704,-0.000273
2025/08/09 18:16:28.533,-0.067,0.194,-20.71,20.71101699579236,0.999757,-0.020794,-0.007274,-0.000151
2025/08/09 18:16:28.633,0.091,0.139,-17.798,17.79877540731384,0.999841,-0.014917,0.00977,0.000145
2025/08/09 18:16:28.733,0.185,0.06,-14.839,14.840274458378456,0.999781,-0.006451,0.019899,0.000128
2025/08/09 18:16:28.834,-0.059,0.324,-12.021,12.025510301022573,0.999376,-0.034721,-0.006357,-0.00022
2025/08/09 18:16:28.933,0.244,0.147,-8.558,8.562739573290783,0.999532,-0.015806,0.026173,0.000413
2025/08/09 18:16:29.033,-0.364,-0.166,-5.996,6.00933174321405,0.999079,0.01779,-0.039041,0.000695
2025/08/09 18:16:29.133,0.75,-0.659,-2.624,2.807517942952458,0.997502,0.049916,0.049916,-0.002497
2025/08/09 18:16:29.233,-0.264,-0.133,-0.809,0.8613164343027481,0.999495,0.014286,-0.028366,0.000405
2025/08/09 18:16:29.334,-0.827,1.308,-1.684,2.287061214746995,0.997502,-0.049916,-0.049916,-0.002497
2025/08/09 18:16:29.434,-0.667,0.42,-1.223,1.4549975944997298,0.997735,-0.045018,-0.049928,-0.002252
2025/08/09 18:16:29.533,-0.195,-0.213,-0.745,0.7990112640007023,0.999518,0.022878,-0.020949,0.000479
2025/08/09 18:16:29.633,0.487,0.964,-0.046,1.0810092506542208,0.997502,-0.049916,0.049916,0.002497
2025/08/09 18:16:29.733,-0.566,0.527,0.006,0.7733828288758421,0.997502,-0.049916,-0.049916,-0.002497
2025/08/09 18:16:29.834,-1.118,1.131,0.383,1.6357793249702113,0.997502,-0.049916,-0.049916,-0.002497
2025/08/09 18:16:29.934,-1.299,1.326,-0.302,1.8806597246711059,0.997502,-0.049916,-0.049916,-0.002497
2025/08/09 18:16:30.034,-1.161,-0.682,-0.587,1.4688818876955356,0.997502,0.049916,-0.049916,0.002497
2025/08/09 18:16:30.134,-1.302,-0.421,-0.348,1.4119309473200168,0.997734,0.045038,-0.049928,0.002253
2025/08/09 18:16:30.233,-0.46,-0.226,0.344,0.6172616949074355,0.998487,0.02428,-0.04931,0.001199
2025/08/09 18:16:30.333,-0.597,-1.085,-0.691,1.4181378635379565,0.997502,0.049916,-0.049916,0.002497
2025/08/09 18:16:30.433,-0.404,-0.36,0.147,0.5607361233236182,0.998317,0.038526,-0.043308,0.001671
2025/08/09 18:16:30.533,-0.722,-0.686,-0.258,1.0288070761809525,0.997502,0.049916,-0.049916,0.002497
2025/08/09 18:16:30.633,0.049,-0.615,-0.571,0.8406348791241057,0.998736,0.049978,0.005265,-0.000263
2025/08/09 18:16:30.733,-0.261,-0.365,0.648,0.7881941385217223,0.998842,0.039135,-0.027941,0.001094
2025/08/09 18:16:30.834,-0.51,-0.755,0.593,1.087094292138451,0.997502,0.049916,-0.049916,0.002497
2025/08/09 18:16:30.934,-0.579,-0.665,0.231,0.9114971201271016,0.997502,0.049916,-0.049916,0.002497
2025/08/09 18:16:31.034,-0.649,0.25,0.143,0.7100352103945269,0.998389,-0.026832,-0.049961,-0.001342
2025/08/09 18:16:31.133,0.115,-0.256,0.622,0.6823818579065537,0.999546,0.027457,0.012348,-0.000339
2025/08/09 18:16:31.233,-0.618,0.047,-0.165,0.6413719669583322,0.998737,-0.005103,-0.049978,-0.000255
2025/08/09 18:16:31.334,-0.883,-0.515,0.112,1.0283277687585801,0.997502,0.049916,-0.049916,0.002497
2025/08/09 18:16:31.433,-0.431,0.652,0.299,0.8368189768402722,0.997684,-0.049925,-0.046133,-0.002308
2025/08/09 18:16:31.533,-0.038,-0.344,0.619,0.7091833331374899,0.99931,0.036897,-0.004093,0.000151
2025/08/09 18:16:31.633,-0.747,-0.117,0.09,0.7614446795401488,0.998671,0.012573,-0.049975,0.000629
2025/08/09 18:16:31.733,-1.064,0.32,0.343,1.1628176985237197,0.998161,-0.034291,-0.049949,-0.001716
2025/08/09 18:16:31.834,-0.305,-0.377,0.763,0.9040591794788657,0.998646,0.040411,-0.032725,0.001324
2025/08/09 18:16:31.933,-0.247,-0.186,0.641,0.7116782981094759,0.99945,0.019958,-0.026461,0.000528
2025/08/09 18:16:32.033,-0.877,0.399,0.757,1.2253077164532997,0.997837,-0.0427,-0.049933,-0.002136
2025/08/09 18:16:32.133,-0.072,0.214,1.283,1.3027160089597425,0.999705,-0.022982,-0.007755,-0.000178
2025/08/09 18:16:32.233,-0.538,0.119,0.82,0.9879296533660683,0.998668,-0.012793,-0.049975,-0.00064
2025/08/09 18:16:32.334,-1.019,-0.216,0.538,1.172374087055834,0.998482,0.02314,-0.049965,0.001157
2025/08/09 18:16:32.433,-0.566,0.773,0.803,1.2500775975914455,0.997502,-0.049916,-0.049916,-0.002497
2025/08/09 18:16:32.533,-0.728,-0.163,0.733,1.0458690166555276,0.998597,0.017461,-0.049971,0.000873
2025/08/09 18:16:32.633,-0.892,-0.74,0.667,1.3372183815667507,0.997502,0.049916,-0.049916,0.002497
2025/08/09 18:16:32.733,-0.874,1.092,1.03,1.737020437415749,0.997502,-0.049916,-0.049916,-0.002497
2025/08/09 18:16:32.833,-1.428,0.141,0.714,1.6027666704795178,0.998635,-0.01515,-0.049973,-0.000758
2025/08/09 18:16:32.933,-0.788,-1.085,1.278,1.8524181493388583,0.997502,0.049916,-0.049916,0.002497
2025/08/09 18:16:33.033,-1.012,-0.072,1.335,1.6767686185040558,0.99872,0.007732,-0.049977,0.000386
2025/08/09 18:16:33.133,-1.146,-0.162,1.522,1.912078450273419,0.998598,0.01743,-0.049971,0.000872
2025/08/09 18:16:33.234,-1.788,-0.362,0.935,2.049929998804837,0.997997,0.038782,-0.049941,0.00194
2025/08/09 18:16:33.334,-1.54,0.896,1.253,2.1781701035502254,0.997502,-0.049916,-0.049916,-0.002497
2025/08/09 18:16:33.434,-2.389,0.923,0.918,2.7206569059695855,0.997502,-0.049916,-0.049916,-0.002497
2025/08/09 18:16:33.533,-1.73,0.115,1.439,2.253185744673528,0.998673,-0.012404,-0.049975,-0.00062
2025/08/09 18:16:33.633,-1.529,0.57,1.672,2.336305844704413,0.997502,-0.049916,-0.049916,-0.002497
2025/08/09 18:16:33.733,-1.776,1.407,1.596,2.7714691050055023,0.997502,-0.049916,-0.049916,-0.002497
2025/08/09 18:16:33.834,-1.749,-0.228,1.679,2.435164470831488,0.998452,0.024398,-0.049964,0.00122
2025/08/09 18:16:33.933,-2.029,-0.156,1.48,2.5162625061785584,0.998609,0.016778,-0.049972,0.000839
2025/08/09 18:16:34.034,-1.01,0.7,2.042,2.3832465252256214,0.997502,-0.049916,-0.049916,-0.002497
2025/08/09 18:16:34.133,-2.231,0.094,1.43,2.6516215793359352,0.998698,-0.010149,-0.049976,-0.000507
2025/08/09 18:16:34.233,-1.633,-1.004,1.737,2.5868656710389892,0.997502,0.049916,-0.049916,0.002497
2025/08/09 18:16:34.334,-1.405,0.017,1.85,2.3231043885284195,0.998748,-0.001825,-0.049979,-9.1e-05
2025/08/09 18:16:34.433,-1.558,0.57,2.099,2.6754560358936943,0.997502,-0.049916,-0.049916,-0.002497
2025/08/09 18:16:34.533,-2.4,0.083,1.635,2.9051874294096756,0.99871,-0.008945,-0.049977,-0.000447
2025/08/09 18:16:34.633,-1.881,-0.988,1.788,2.7769135744563602,0.997502,0.049916,-0.049916,0.002497
2025/08/09 18:16:34.733,-1.841,-0.538,1.801,2.6310313567116603,0.997502,0.049916,-0.049916,0.002497
2025/08/09 18:16:34.833,-1.465,-0.029,1.971,2.455994096084109,0.998745,0.003206,-0.049978,0.00016
2025/08/09 18:16:34.933,-2.588,0.332,1.564,3.0420493092650553,0.998118,-0.035518,-0.049947,-0.001777
2025/08/09 18:16:35.033,-2.072,0.059,1.694,2.676994770260114,0.99873,-0.006363,-0.049978,-0.000318
2025/08/09 18:16:35.133,-2.366,-0.097,1.329,2.7154384544673444,0.998695,0.010449,-0.049976,0.000522
2025/08/09 18:16:35.233,-1.957,1.257,1.729,2.898161313660784,0.997502,-0.049916,-0.049916,-0.002497
2025/08/09 18:16:35.333,-2.493,1.295,1.329,3.1077829718305616,0.997502,-0.049916,-0.049916,-0.002497
2025/08/09 18:16:35.433,-2.203,1.48,1.621,3.109863341048928,0.997502,-0.049916,-0.049916,-0.002497
2025/08/09 18:16:35.534,-2.241,0.648,1.253,2.6480169939031737,0.997502,-0.049916,-0.049916,-0.002497
2025/08/09 18:16:35.633,-1.516,-0.031,1.387,2.0549905109269972,0.998744,0.003323,-0.049978,0.000166
2025/08/09 18:16:35.733,-1.942,0.094,1.392,2.391205553690439,0.998698,-0.01014,-0.049976,-0.000507
2025/08/09 18:16:35.833,-0.932,1.136,2.07,2.538507435482512,0.997502,-0.049916,-0.049916,-0.002497
2025/08/09 18:16:35.933,-1.947,0.477,1.221,2.347164033466771,0.997502,-0.049916,-0.049916,-0.002497
2025/08/09 18:16:36.033,-1.702,0.216,1.123,2.0505094488931284,0.998482,-0.023138,-0.049965,-0.001157
2025/08/09 18:16:36.134,-1.472,-0.766,1.135,2.0104141364405494,0.997502,0.049916,-0.049916,0.002497
2025/08/09 18:16:36.233,-1.305,-1.224,1.282,2.201073601677145,0.997502,0.049916,-0.049916,0.002497
2025/08/09 18:16:36.334,-1.092,-0.234,1.303,1.7161086795421787,0.998434,0.025127,-0.049963,0.001257
2025/08/09 18:16:36.433,-1.348,0.434,1.168,1.8356699049665766,0.997669,-0.046447,-0.049925,-0.002324
2025/08/09 18:16:36.533,-1.132,0.004,1.405,1.8042907193686941,0.99875,-0.000439,-0.049979,-2.2e-05
2025/08/09 18:16:36.633,-1.879,-0.303,0.969,2.1357460054978445,0.998222,0.032463,-0.049952,0.001624
2025/08/09 18:16:36.734,-2.025,-0.294,1.096,2.321266249269997,0.998252,0.031543,-0.049954,0.001578
2025/08/09 18:16:36.834,-2.367,0.984,1.261,2.8567579526449207,0.997502,-0.049916,-0.049916,-0.002497
2025/08/09 18:16:36.933,-2.775,1.483,1.232,3.379014353328497,0.997502,-0.049916,-0.049916,-0.002497
2025/08/09 18:16:37.033,-2.354,1.944,1.2,3.2803127899637863,0.997502,-0.049916,-0.049916,-0.002497
2025/08/09 18:16:37.133,-2.697,0.368,1.226,2.9853490583179716,0.99797,-0.039452,-0.04994,-0.001974
2025/08/09 18:16:37.233,-2.315,0.039,1.324,2.66715616340701,0.998741,-0.004185,-0.049978,-0.000209
2025/08/09 18:16:37.334,-2.153,-0.715,1.639,2.798741681541903,0.997502,0.049916,-0.049916,0.002497
2025/08/09 18:16:37.433,-2.106,-0.283,1.431,2.5618520644252665,0.998291,0.030281,-0.049956,0.001515
2025/08/09 18:16:37.533,-1.53,-0.743,1.878,2.5337389368283385,0.997502,0.049916,-0.049916,0.002497
2025/08/09 18:16:37.633,-1.952,-0.818,1.499,2.5935360032203136,0.997502,0.049916,-0.049916,0.002497
2025/08/09 18:16:37.733,-1.66,0.305,1.85,2.5042214358957953,0.998214,-0.032713,-0.049952,-0.001637
2025/08/09 18:16:37.833,-2.321,0.226,1.645,2.85379431634447,0.998457,-0.024192,-0.049964,-0.00121
2025/08/09 18:16:37.933,-3.013,-0.393,1.248,3.284832111387125,0.997863,0.042069,-0.049934,0.002105
2025/08/09 18:16:38.033,-2.939,-0.582,1.379,3.29819435449156,0.997502,0.049916,-0.049916,0.002497
2025/08/09 18:16:38.134,-2.457,0.33,1.596,2.9483834553870363,0.998124,-0.035363,-0.049947,-0.001769
2025/08/09 18:16:38.233,-3.147,0.492,1.265,3.4272289097753594,0.997502,-0.049916,-0.049916,-0.002497
2025/08/09 18:16:38.333,-2.411,2.205,1.668,3.6684015592625623,0.997502,-0.049916,-0.049916,-0.002497
2025/08/09 18:16:38.433,-2.636,1.441,1.22,3.242433808113899,0.997502,-0.049916,-0.049916,-0.002497
2025/08/09 18:16:38.533,-1.851,0.252,1.526,2.4121320444784944,0.998384,-0.027043,-0.04996,-0.001353
2025/08/09 18:16:38.633,-2.686,-0.714,0.89,2.918302931499744,0.997502,0.049916,-0.049916,0.002497
2025/08/09 18:16:38.733,-2.011,-1.043,1.342,2.633046524465529,0.997502,0.049916,-0.049916,0.002497
2025/08/09 18:16:38.833,-1.949,-0.733,1.236,2.421484255575493,0.997502,0.049916,-0.049916,0.002497
2025/08/09 18:16:38.934,-1.819,-0.465,1.294,2.280224111792523,0.997507,0.049813,-0.049916,0.002492
2025/08/09 18:16:39.034,-2.387,0.124,1.385,2.762493438906236,0.998661,-0.013292,-0.049974,-0.000665
2025/08/09 18:16:39.133,-1.954,1.486,1.69,2.9803375647734938,0.997502,-0.049916,-0.049916,-0.002497
2025/08/09 18:16:39.233,-1.923,0.643,1.661,2.6211255216032674,0.997502,-0.049916,-0.049916,-0.002497
2025/08/09 18:16:39.334,-2.323,0.441,1.224,2.6625149764837004,0.997631,-0.047269,-0.049923,-0.002365
2025/08/09 18:16:39.433,-1.907,-1.077,1.476,2.6410516844620817,0.997502,0.049916,-0.049916,0.002497
2025/08/09 18:16:39.534,-2.404,-0.771,1.052,2.735024862775474,0.997502,0.049916,-0.049916,0.002497
2025/08/09 18:16:39.634,-2.039,0.571,1.423,2.551174435431651,0.997502,-0.049916,-0.049916,-0.002497
2025/08/09 18:16:39.734,-1.69,-0.735,1.837,2.6020941566361504,0.997502,0.049916,-0.049916,0.002497
2025/08/09 18:16:39.833,-2.36,-0.238,1.363,2.735692416921171,0.998424,0.025526,-0.049962,0.001277
2025/08/09 18:16:39.933,-1.668,0.963,1.837,2.6616089119177517,0.997502,-0.049916,-0.049916,-0.002497
2025/08/09 18:16:40.033,-1.369,0.04,1.614,2.1167798657394683,0.99874,-0.004386,-0.049978,-0.000219
2025/08/09 18:16:40.133,-2.374,0.643,1.357,2.8090521533072326,0.997502,-0.049916,-0.049916,-0.002497
2025/08/09 18:16:40.233,-2.772,1.215,1.061,3.207168533145709,0.997502,-0.049916,-0.049916,-0.002497
2025/08/09 18:16:40.334,-1.871,0.817,1.456,2.5076016430047257,0.997502,-0.049916,-0.049916,-0.002497
2025/08/09 18:16:40.433,-1.89,1.772,1.505,2.996182404327213,0.997502,-0.049916,-0.049916,-0.002497
2025/08/09 18:16:40.533,-1.985,0.861,1.538,2.654616733165072,0.997502,-0.049916,-0.049916,-0.002497
2025/08/09 18:16:40.633,-2.262,0.349,1.362,2.663360471284351,0.998049,-0.037405,-0.049944,-0.001871
2025/08/09 18:16:40.733,-1.658,1.997,1.691,3.097814390824602,0.997502,-0.049916,-0.049916,-0.002497
2025/08/09 18:16:40.833,-1.309,1.252,1.59,2.4102043481829503,0.997502,-0.049916,-0.049916,-0.002497
2025/08/09 18:16:40.933,-1.898,0.39,1.344,2.3581433374585186,0.997875,-0.041793,-0.049935,-0.002091
2025/08/09 18:16:41.033,-1.728,1.397,1.504,2.6832087134622977,0.997502,-0.049916,-0.049916,-0.002497
2025/08/09 18:16:41.133,-2.492,-0.192,0.926,2.665408786659187,0.998539,0.020544,-0.049968,0.001028
2025/08/09 18:16:41.233,-1.922,-0.397,1.049,2.2253300878746054,0.997844,0.042534,-0.049933,0.002128
2025/08/09 18:16:41.334,-1.561,-1.456,1.335,2.517713645353657,0.997502,0.049916,-0.049916,0.002497
2025/08/09 18:16:41.433,-1.815,-0.427,0.993,2.1124873964121065,0.997703,0.045723,-0.049926,0.002288
2025/08/09 18:16:41.534,-1.912,-0.144,0.843,2.094547445153726,0.99863,0.015454,-0.049973,0.000773
2025/08/09 18:16:41.633,-1.37,-0.781,0.894,1.8127594986649498,0.997502,0.049916,-0.049916,0.002497
2025/08/09 18:16:41.733,-1.339,-0.759,0.8,1.7346475146265308,0.997502,0.049916,-0.049916,0.002497
2025/08/09 18:16:41.834,-1.249,-0.232,0.813,1.5082420230188522,0.998439,0.024915,-0.049963,0.001246
2025/08/09 18:16:41.933,-0.842,-0.757,0.497,1.2365362914205147,0.997502,0.049916,-0.049916,0.002497
2025/08/09 18:16:42.033,-0.966,-1.153,0.649,1.638220375895746,0.997502,0.049916,-0.049916,0.002497
2025/08/09 18:16:42.133,-1.12,-0.453,0.411,1.2761387071944805,0.99757,0.048529,-0.04992,0.002428
2025/08/09 18:16:42.233,-0.957,-0.389,0.261,1.0655003519473845,0.99788,0.041661,-0.049935,0.002084
2025/08/09 18:16:42.334,-0.465,-0.603,0.37,0.8466014410571245,0.997506,0.049916,-0.049831,0.002493
2025/08/09 18:16:42.434,-0.973,-0.748,0.634,1.3813721439206743,0.997502,0.049916,-0.049916,0.002497
2025/08/09 18:16:42.533,-0.748,0.191,0.356,0.8501299900603436,0.998539,-0.020523,-0.049968,-0.001027
2025/08/09 18:16:42.634,-0.053,1.143,0.624,1.3033165386812215,0.998734,-0.049978,-0.005713,-0.000285
2025/08/09 18:16:42.733,-0.304,0.189,0.512,0.6247247393852752,0.999261,-0.020257,-0.032647,-0.000661
2025/08/09 18:16:42.834,-0.843,0.114,0.287,0.8977828245182684,0.998675,-0.012211,-0.049975,-0.000611
2025/08/09 18:16:42.934,-0.221,1.38,0.29,1.4273545460046007,0.998468,-0.049965,-0.023742,-0.001188
2025/08/09 18:16:43.033,-0.426,0.324,0.329,0.628245970938135,0.998351,-0.034727,-0.045672,-0.001588
2025/08/09 18:16:43.134,-0.894,0.02,0.103,0.9001361008203148,0.998747,-0.002192,-0.049979,-0.000109
2025/08/09 18:16:43.234,-0.464,0.85,0.406,1.0500628552615314,0.997513,-0.049917,-0.049691,-0.002486
2025/08/09 18:16:43.334,-0.32,-0.093,0.211,0.39442363012375414,1.0,0.0,0.0,0.0
2025/08/09 18:16:43.434,-0.745,-0.158,0.214,0.7910657368386017,0.998605,0.01698,-0.049971,0.000849
2025/08/09 18:16:43.534,-0.529,0.181,0.259,0.6161842256987758,0.998561,-0.019433,-0.049969,-0.000972
2025/08/09 18:16:43.634,-0.113,-0.717,0.381,0.8197676500082203,0.998676,0.049975,-0.012179,0.000609
2025/08/09 18:16:43.734,-1.012,-0.371,0.01,1.0779076954915945,0.997961,0.039687,-0.049939,0.001986
2025/08/09 18:16:43.834,-1.334,-1.142,0.359,1.792373008053848,0.997502,0.049916,-0.049916,0.002497
2025/08/09 18:16:43.934,-0.608,-1.038,0.36,1.2556703389026915,0.997502,0.049916,-0.049916,0.002497
2025/08/09 18:16:44.034,-0.482,-0.065,0.476,0.68053287944081,0.998725,0.00705,-0.049977,0.000352
2025/08/09 18:16:44.134,-0.279,-1.197,0.63,1.3811408327900527,0.998303,0.049956,-0.029886,0.001495
2025/08/09 18:16:44.233,-0.206,-0.647,0.535,0.8644478006218768,0.998505,0.049966,-0.022131,0.001107
2025/08/09 18:16:44.334,-0.216,-0.091,0.567,0.6135356550356303,0.999684,0.009798,-0.023152,0.000226
2025/08/09 18:16:44.434,-0.19,0.101,0.232,0.3164253466459348,1.0,0.0,0.0,0.0
2025/08/09 18:16:44.534,0.182,0.932,0.443,1.0478535202975654,0.998559,-0.049969,0.019518,0.000976
2025/08/09 18:16:44.634,-0.431,0.115,0.15,0.47062299136357544,1.0,0.0,0.0,0.0
2025/08/09 18:16:44.733,-0.253,0.255,0.016,0.3595691866664884,1.0,0.0,0.0,0.0
2025/08/09 18:16:44.834,-0.017,0.119,0.114,0.16566834338521044,1.0,0.0,0.0,0.0
2025/08/09 18:16:44.934,-0.546,-0.206,-0.217,0.622608223524232,0.998504,0.022138,-0.049966,0.001107
2025/08/09 18:16:45.034,-0.417,0.252,-0.215,0.5325579780643606,0.998633,-0.026984,-0.044745,-0.001209
2025/08/09 18:16:45.134,-0.488,-0.237,-0.388,0.6669760115626349,0.998427,0.025373,-0.049963,0.001269
2025/08/09 18:16:45.234,-0.31,0.233,-0.213,0.44244547686692426,1.0,0.0,0.0,0.0
2025/08/09 18:16:45.334,-0.076,-0.32,-0.183,0.37638411231081476,1.0,0.0,0.0,0.0
2025/08/09 18:16:45.434,-0.013,-0.658,0.022,0.6584960136553599,0.998749,0.049979,-0.001449,7.2e-05
2025/08/09 18:16:45.534,-0.129,-1.2,-0.134,1.214329856340525,0.998654,0.049974,-0.013831,0.000692
2025/08/09 18:16:45.634,-0.044,-0.572,0.121,0.5863113507344029,0.998738,0.049978,-0.004758,0.000238
2025/08/09 18:16:45.734,-0.459,-0.655,-0.104,0.8065494405180628,0.997541,0.049918,-0.049123,0.002458
2025/08/09 18:16:45.834,-0.015,-0.671,-0.413,0.7880577390014009,0.998748,0.049979,-0.001656,8.2e-05
2025/08/09 18:16:45.934,-0.336,-0.223,-0.495,0.6384747449977956,0.999064,0.023871,-0.036052,0.000861
2025/08/09 18:16:46.034,-0.064,-0.822,-0.35,0.8957008429157582,0.998726,0.049977,-0.006939,0.000347
2025/08/09 18:16:46.134,-0.643,-0.802,-0.547,1.1644148745185283,0.997502,0.049916,-0.049916,0.002497
2025/08/09 18:16:46.234,-0.563,-0.104,-0.32,0.6558848984387428,0.998687,0.01118,-0.049976,0.000559
2025/08/09 18:16:46.334,0.437,0.697,0.001,0.8226657887623624,0.997652,-0.049924,0.046822,0.002343
2025/08/09 18:16:46.434,-0.256,0.322,-0.093,0.42174518373065034,1.0,0.0,0.0,0.0
2025/08/09 18:16:46.534,-0.572,0.225,-0.184,0.6416112530185236,0.99846,-0.024076,-0.049964,-0.001204
2025/08/09 18:16:46.634,0.136,0.868,0.093,0.8834981607224771,0.998643,-0.049973,0.014603,0.00073
2025/08/09 18:16:46.734,-0.055,-0.075,-0.019,0.09492628719169417,1.0,0.0,0.0,0.0
2025/08/09 18:16:46.834,-0.263,0.029,-0.184,0.3222824847862508,1.0,0.0,0.0,0.0
2025/08/09 18:16:46.934,0.113,-0.22,0.328,0.41079556959636265,1.0,0.0,0.0,0.0
2025/08/09 18:16:47.034,-0.228,-1.494,0.219,1.5270825125054637,0.998451,0.049964,-0.024437,0.001222
2025/08/09 18:16:47.134,-0.144,-1.081,0.169,1.1035660378971437,0.99863,0.049973,-0.015475,0.000774
2025/08/09 18:16:47.234,-0.444,0.087,0.408,0.6092364073165687,0.998821,-0.009356,-0.047614,-0.000446
2025/08/09 18:16:47.334,-0.168,-0.329,0.2,0.4200773738253466,1.0,0.0,0.0,0.0
2025/08/09 18:16:47.434,-0.771,-0.209,0.116,0.8072038156500501,0.998498,0.022436,-0.049966,0.001122
2025/08/09 18:16:47.534,-0.445,-0.804,0.464,1.0294352820843087,0.997614,0.049922,-0.047626,0.002383
2025/08/09 18:16:47.634,-0.064,1.109,0.675,1.2998469140633446,0.998726,-0.049977,-0.006887,-0.000344
2025/08/09 18:16:47.734,-0.372,0.522,0.174,0.6641867207344633,0.997954,-0.049939,-0.039872,-0.001995
2025/08/09 18:16:47.834,-0.398,1.136,-0.295,1.2393244127346155,0.997839,-0.049933,-0.04264,-0.002133
2025/08/09 18:16:47.934,-0.462,-0.414,0.071,0.6244045163193489,0.997789,0.044358,-0.049432,0.002197
2025/08/09 18:16:48.034,-0.398,-0.951,-0.015,1.0310334621145911,0.997841,0.049933,-0.042594,0.002131
2025/08/09 18:16:48.134,-0.87,-0.592,-0.06,1.0540227701525238,0.997502,0.049916,-0.049916,0.002497
2025/08/09 18:16:48.234,-0.893,-0.467,0.31,1.0543424491122417,0.997502,0.049916,-0.049916,0.002497
2025/08/09 18:16:48.334,-0.497,0.963,0.476,1.1836190265452815,0.997502,-0.049916,-0.049916,-0.002497
2025/08/09 18:16:48.434,-0.65,0.605,0.294,0.9353935000843228,0.997502,-0.049916,-0.049916,-0.002497
2025/08/09 18:16:48.534,-0.202,0.446,0.625,0.7939426931460482,0.99862,-0.047827,-0.021635,-0.001036
2025/08/09 18:16:48.634,-0.488,0.363,0.671,0.9056235420968252,0.997992,-0.038902,-0.049941,-0.001946
2025/08/09 18:16:48.734,-1.156,-0.064,0.648,1.3267765448635274,0.998726,0.006901,-0.049977,0.000345
2025/08/09 18:16:48.834,-0.234,0.641,0.991,1.2032115358489546,0.998435,-0.049963,-0.025071,-0.001254
2025/08/09 18:16:48.934,-0.906,0.168,0.6,1.099572644257759,0.998588,-0.017986,-0.049971,-0.0009
2025/08/09 18:16:49.034,-0.263,1.383,0.943,1.694434123830136,0.998353,-0.049959,-0.028144,-0.001408
2025/08/09 18:16:49.134,-0.497,0.168,0.745,0.91118494280799,0.998588,-0.018003,-0.049971,-0.0009
2025/08/09 18:16:49.234,-0.576,0.567,0.719,1.0817698461317915,0.997502,-0.049916,-0.049916,-0.002497
2025/08/09 18:16:49.334,-0.599,0.057,0.652,0.8872169971320433,0.998731,-0.006142,-0.049978,-0.000307
2025/08/09 18:16:49.434,-0.823,0.093,0.581,1.0117010427987114,0.998699,-0.010046,-0.049976,-0.000502
2025/08/09 18:16:49.534,-0.275,0.73,0.762,1.0904902567194263,0.998314,-0.049957,-0.029515,-0.001477
2025/08/09 18:16:49.634,-0.37,0.001,0.441,0.5756578845112781,0.999212,-0.00021,-0.039678,-8e-06
2025/08/09 18:16:49.734,-0.337,0.951,0.716,1.2371847073093005,0.998097,-0.049946,-0.036102,-0.001806
2025/08/09 18:16:49.834,-0.464,-0.833,0.566,1.108846698150831,0.997514,0.049917,-0.049669,0.002485
2025/08/09 18:16:49.934,-1.082,-0.572,0.459,1.3071300623885902,0.997502,0.049916,-0.049916,0.002497
2025/08/09 18:16:50.034,-0.797,-0.803,0.53,1.249367039744526,0.997502,0.049916,-0.049916,0.002497
2025/08/09 18:16:50.134,-0.733,0.842,0.41,1.1892657398580015,0.997502,-0.049916,-0.049916,-0.002497
2025/08/09 18:16:50.234,-0.977,0.331,0.368,1.0952232649099451,0.998119,-0.035489,-0.049947,-0.001775
2025/08/09 18:16:50.334,-0.569,1.524,0.856,1.8382255030327481,0.997502,-0.049916,-0.049916,-0.002497
2025/08/09 18:16:50.434,-0.154,-0.096,1.017,1.033063889602187,0.999809,0.010376,-0.016553,0.000171
2025/08/09 18:16:50.534,-0.871,0.398,0.788,1.2401568449192224,0.997841,-0.042597,-0.049933,-0.002131
2025/08/09 18:16:50.634,-0.563,-0.71,0.58,1.0758573325492558,0.997502,0.049916,-0.049916,0.002497
2025/08/09 18:16:50.734,-0.868,-0.266,0.544,1.058355327855442,0.998343,0.028513,-0.049958,0.001426
2025/08/09 18:16:50.834,-0.923,-0.389,0.731,1.240004435475938,0.997879,0.041694,-0.049935,0.002086
2025/08/09 18:16:50.934,-0.887,-0.023,0.393,0.9704364997257678,0.998747,0.00249,-0.049979,0.000124
2025/08/09 18:16:51.034,-1.087,0.036,0.578,1.2316448351696199,0.998742,-0.003874,-0.049978,-0.000193
2025/08/09 18:16:51.134,-0.506,0.604,1.064,1.3239894259396485,0.997502,-0.049916,-0.049916,-0.002497
2025/08/09 18:16:51.234,-0.938,0.366,0.879,1.3365780934909863,0.99798,-0.039195,-0.04994,-0.001961
2025/08/09 18:16:51.334,-0.127,0.375,1.159,1.2247591599984056,0.999098,-0.040178,-0.013672,-0.000549
2025/08/09 18:16:51.434,-0.869,-0.219,0.849,1.2344727619514333,0.998474,0.023484,-0.049965,0.001175
2025/08/09 18:16:51.534,-1.541,-0.263,0.817,1.7638988066212868,0.998351,0.028214,-0.049959,0.001411
2025/08/09 18:16:51.634,-0.636,0.695,1.221,1.5421938918307256,0.997502,-0.049916,-0.049916,-0.002497
2025/08/09 18:16:51.734,-1.296,0.452,1.065,1.737280921440168,0.997576,-0.048417,-0.04992,-0.002422
2025/08/09 18:16:51.834,-0.891,0.707,1.147,1.6153448548220284,0.997502,-0.049916,-0.049916,-0.002497
2025/08/09 18:16:51.934,-1.119,-0.422,0.95,1.5273326422230358,0.997728,0.045164,-0.049928,0.00226
2025/08/09 18:16:52.034,-1.492,0.376,0.776,1.7232573806602427,0.997939,-0.040235,-0.049938,-0.002013
2025/08/09 18:16:52.134,-1.649,-0.231,0.832,1.8613935639729713,0.998444,0.024725,-0.049963,0.001237
2025/08/09 18:16:52.234,-1.108,0.357,1.107,1.6064127738535947,0.998016,-0.038266,-0.049942,-0.001914
2025/08/09 18:16:52.335,-1.117,1.052,1.004,1.8336872688656591,0.997502,-0.049916,-0.049916,-0.002497
2025/08/09 18:16:52.434,-0.641,0.569,0.952,1.2809941451856834,0.997502,-0.049916,-0.049916,-0.002497
2025/08/09 18:16:52.534,-0.909,1.187,0.99,1.7931397045406139,0.997502,-0.049916,-0.049916,-0.002497
2025/08/09 18:16:52.634,-0.74,0.097,1.101,1.3301165362478582,0.998696,-0.010404,-0.049976,-0.00052
2025/08/09 18:16:52.734,-0.912,-0.013,0.879,1.2667099115424967,0.998749,0.00139,-0.049979,6.9e-05
2025/08/09 18:16:52.834,-1.626,0.408,0.706,1.8190041231399119,0.997794,-0.043694,-0.049931,-0.002186
2025/08/09 18:16:52.934,-0.638,1.588,1.486,2.2664915618638424,0.997502,-0.049916,-0.049916,-0.002497
2025/08/09 18:16:53.034,-0.769,0.174,1.158,1.4009286205942113,0.998575,-0.018685,-0.04997,-0.000935
2025/08/09 18:16:53.134,-0.922,0.686,0.902,1.4609188889188887,0.997502,-0.049916,-0.049916,-0.002497
2025/08/09 18:16:53.234,-0.761,-0.233,0.752,1.0949493138953967,0.998436,0.025019,-0.049963,0.001252
2025/08/09 18:16:53.334,-1.5,-0.027,0.405,1.553947875573695,0.998746,0.002939,-0.049978,0.000147
2025/08/09 18:16:53.434,-0.296,1.066,0.971,1.4720098505105188,0.998246,-0.049953,-0.031732,-0.001587
2025/08/09 18:16:53.534,-0.788,0.27,0.573,1.0110257167846919,0.998331,-0.02892,-0.049958,-0.001447
2025/08/09 18:16:53.635,-0.71,0.414,0.697,1.0776386221735001,0.997765,-0.04435,-0.049929,-0.002219
2025/08/09 18:16:53.734,-0.638,0.403,0.529,0.9215714839338291,0.997818,-0.043135,-0.049932,-0.002158
2025/08/09 18:16:53.834,-0.83,0.0,0.66,1.0604244433244643,0.99875,-1.6e-05,-0.049979,-1e-06
2025/08/09 18:16:53.934,-1.23,0.098,0.333,1.2780426440459645,0.998694,-0.010576,-0.049976,-0.000529
2025/08/09 18:16:54.034,-0.759,1.182,1.047,1.7519743148802152,0.997502,-0.049916,-0.049916,-0.002497
2025/08/09 18:16:54.134,-0.939,0.74,0.538,1.3110167809757431,0.997502,-0.049916,-0.049916,-0.002497
2025/08/09 18:16:54.234,-0.691,1.572,0.711,1.8585440538227767,0.997502,-0.049916,-0.049916,-0.002497
2025/08/09 18:16:54.335,-0.946,0.625,0.776,1.3739421385196684,0.997502,-0.049916,-0.049916,-0.002497
2025/08/09 18:16:54.434,-1.699,0.634,0.229,1.8278397085083802,0.997502,-0.049916,-0.049916,-0.002497
2025/08/09 18:16:54.534,-1.107,1.582,0.96,2.1563332302777325,0.997502,-0.049916,-0.049916,-0.002497
2025/08/09 18:16:54.634,-1.458,0.695,0.673,1.7497765571637998,0.997502,-0.049916,-0.049916,-0.002497
2025/08/09 18:16:54.734,-1.425,0.481,1.056,1.8376947515841688,0.997502,-0.049916,-0.049916,-0.002497
2025/08/09 18:16:54.834,-0.935,0.701,0.972,1.5200032894701248,0.997502,-0.049916,-0.049916,-0.002497
2025/08/09 18:16:54.934,-1.323,-0.409,0.903,1.6531845027098457,0.997791,0.043762,-0.049931,0.002189
2025/08/09 18:16:55.034,-1.68,-0.873,0.813,2.0604606281120734,0.997502,0.049916,-0.049916,0.002497
2025/08/09 18:16:55.134,-1.307,0.088,0.624,1.4509889730800851,0.998705,-0.009482,-0.049976,-0.000474
2025/08/09 18:16:55.234,-1.57,-0.752,0.736,1.89,0.997502,0.049916,-0.049916,0.002497
2025/08/09 18:16:55.335,-1.77,0.033,0.736,1.9172076048253095,0.998743,-0.003589,-0.049978,-0.000179
2025/08/09 18:16:55.434,-1.093,0.754,1.061,1.699672321360797,0.997502,-0.049916,-0.049916,-0.002497
2025/08/09 18:16:55.534,-1.516,0.237,1.171,1.9301984353946617,0.998426,-0.02544,-0.049962,-0.001273
2025/08/09 18:16:55.634,-0.61,1.673,1.351,2.235224820907284,0.997502,-0.049916,-0.049916,-0.002497
2025/08/09 18:16:55.734,-1.028,0.965,0.727,1.5863599843667262,0.997502,-0.049916,-0.049916,-0.002497
2025/08/09 18:16:55.834,-1.071,0.873,0.769,1.5813067381125017,0.997502,-0.049916,-0.049916,-0.002497
2025/08/09 18:16:55.934,-1.145,0.684,0.512,1.4286444624188344,0.997502,-0.049916,-0.049916,-0.002497
2025/08/09 18:16:56.034,-1.304,0.323,0.473,1.4242450631825971,0.998149,-0.034624,-0.049949,-0.001732
2025/08/09 18:16:56.134,-1.009,0.51,0.626,1.292306852105954,0.997502,-0.049916,-0.049916,-0.002497
2025/08/09 18:16:56.234,-1.107,-0.301,0.741,1.3656979900402577,0.99823,0.032204,-0.049953,0.001611
2025/08/09 18:16:56.335,-0.985,0.044,0.381,1.0570345311294236,0.998738,-0.004779,-0.049978,-0.000239
2025/08/09 18:16:56.434,-0.628,-0.576,0.555,1.0169488679378131,0.997502,0.049916,-0.049916,0.002497
2025/08/09 18:16:56.535,-0.61,-0.171,0.287,0.6954926311615386,0.998581,0.018365,-0.04997,0.000919
2025/08/09 18:16:56.634,-0.228,-0.395,0.59,0.7457271619030649,0.998802,0.042357,-0.024464,0.001037
2025/08/09 18:16:56.735,-0.434,-0.538,0.198,0.7190299020207713,0.997668,0.049925,-0.046479,0.002325
2025/08/09 18:16:56.834,-0.028,-0.813,0.316,0.8727021255846693,0.998745,0.049978,-0.003046,0.000152
2025/08/09 18:16:56.935,-0.26,-1.376,0.031,1.400691614881734,0.998361,0.049959,-0.027879,0.001395
2025/08/09 18:16:57.034,-0.435,-0.744,-0.379,0.9414892458228081,0.997661,0.049924,-0.046623,0.002333
2025/08/09 18:16:57.134,-0.368,-0.672,-0.554,0.9454755417249037,0.997973,0.04994,-0.039385,0.00197
2025/08/09 18:16:57.235,-0.059,0.05,-0.649,0.6535916156132973,0.999964,-0.005463,-0.006385,-3.4e-05
2025/08/09 18:16:57.335,-0.016,0.179,-0.47,0.5031868440251593,0.999813,-0.019254,-0.001716,-3.3e-05
2025/08/09 18:16:57.435,0.038,-0.33,-0.605,0.6901949000101348,0.999363,0.03544,0.0041,-0.000145
2025/08/09 18:16:57.535,0.346,0.695,-0.162,0.7930857456794946,0.998063,-0.049944,0.03704,0.001853
2025/08/09 18:16:57.636,0.256,-0.605,-0.352,0.7452952435109189,0.998374,0.04996,0.027391,-0.00137
2025/08/09 18:16:57.734,0.052,-1.694,-0.113,1.6985608614353505,0.998734,0.049978,0.005586,-0.000279
2025/08/09 18:16:57.836,-1.008,-0.668,-0.825,1.463869188144897,0.997502,0.049916,-0.049916,0.002497
2025/08/09 18:16:57.935,-0.879,-1.408,-1.588,2.2971393079219204,0.997502,0.049916,-0.049916,0.002497
2025/08/09 18:16:58.035,-5.409,-16.326,-48.366,51.33288919396608,0.997502,0.049916,-0.049916,0.002497
2025/08/09 18:16:58.134,-0.357,-1.352,-0.784,1.6031247612085593,0.998019,0.049942,-0.0382,0.001911
2025/08/09 18:16:58.236,3.691,-9.127,-32.549,34.005337978029274,0.997502,0.049916,0.049916,-0.002497
2025/08/09 18:16:58.335,3.481,-0.568,-19.874,20.184545102627403,0.997502,0.049916,0.049916,-0.002497
2025/08/09 18:16:58.435,-0.562,-1.064,-24.502,24.531529589489523,0.997502,0.049916,-0.049916,0.002497
2025/08/09 18:16:58.535,0.505,0.49,-22.632,22.64293596245858,0.997502,-0.049916,0.049916,0.002497
2025/08/09 18:16:58.636,-0.455,-0.155,-23.748,23.752864122038,0.998671,0.01665,-0.048764,0.000813
2025/08/09 18:16:58.735,0.379,0.136,-23.864,23.867396862666027,0.999064,-0.014657,0.040686,0.000596
2025/08/09 18:16:58.835,0.078,-0.043,-23.347,23.34716989273004,0.999954,0.004613,0.008399,-3.8e-05
2025/08/09 18:16:58.935,0.027,0.114,-23.372,23.37229361872728,0.99992,-0.012311,0.002942,3.6e-05
2025/08/09 18:16:59.035,0.202,0.122,-23.523,23.52418366277563,0.999678,-0.013072,0.021733,0.000284
2025/08/09 18:16:59.134,-0.184,-0.102,-23.611,23.611937256396395,0.999743,0.011013,-0.019792,0.000218
2025/08/09 18:16:59.235,0.162,-0.012,-23.518,23.518561010401974,0.999847,0.001329,0.017428,-2.3e-05
2025/08/09 18:16:59.335,0.18,0.065,-23.485,23.48577974008953,0.999789,-0.007046,0.019283,0.000135
2025/08/09 18:16:59.436,-0.099,0.056,-23.469,23.46927561728312,0.999924,-0.006007,-0.010704,-6.4e-05
2025/08/09 18:16:59.535,0.187,0.093,-23.497,23.497928142710798,0.999748,-0.009972,0.020072,0.0002
2025/08/09 18:16:59.635,0.03,-0.01,-23.564,23.5640212187988,0.999993,0.001161,0.003296,-3e-06
2025/08/09 18:16:59.735,-0.022,-0.002,-23.535,23.535010367535424,0.999997,0.000231,-0.002458,1e-06
2025/08/09 18:16:59.835,0.211,0.068,-23.459,23.46004744240727,0.999716,-0.007354,0.022664,0.000166
2025/08/09 18:16:59.935,-0.032,0.003,-23.496,23.496021982454817,0.999993,-0.000401,-0.003523,-1e-06
