timestamp,rigid_body_id,pos_x,pos_y,pos_z,quat_x,quat_y,quat_z,quat_w
1780203880911486000,1,-0.213998943567276,0.08840638399124146,0.01553584635257721,0.003190332790836692,-0.0004633701464626938,0.00036813426413573325,0.9999947547912598
1780203880911486000,2,-0.7239051461219788,0.14525842666625977,0.09548170119524002,-0.002393845934420824,0.008326923474669456,0.017710141837596893,0.9998056292533875
1780203880911486000,1,-0.2139953076839447,0.08840317279100418,0.015529733151197433,0.0032048546709120274,-0.000449459912488237,0.00042971971561200917,0.9999947547912598
1780203880911486000,2,-0.7239051461219788,0.14525842666625977,0.09548170119524002,-0.002393845934420824,0.008326923474669456,0.017710141837596893,0.9998056292533875
1780203880927493400,1,-0.2139768898487091,0.08840953558683395,0.01553596556186676,0.0032412579748779535,-0.0004534691688604653,0.0003414440725464374,0.9999946355819702
1780203880927493400,2,-0.7239051461219788,0.14525842666625977,0.09548170119524002,-0.002393845934420824,0.008326923474669456,0.017710141837596893,0.9998056292533875
1780203880937992800,1,-0.21397772431373596,0.08839234709739685,0.015542102046310902,0.003217324148863554,-0.00045941059943288565,0.0002953135408461094,0.9999947547912598
1780203880937992800,2,-0.7239051461219788,0.14525842666625977,0.09548170119524002,-0.002393845934420824,0.008326923474669456,0.017710141837596893,0.9998056292533875
1780203880945556600,1,-0.2139713317155838,0.0883970633149147,0.015551581047475338,0.0031823378521949053,-0.00047104142140597105,0.00033896201057359576,0.9999947547912598
1780203880945556600,2,-0.7239051461219788,0.14525842666625977,0.09548170119524002,-0.002393845934420824,0.008326923474669456,0.017710141837596893,0.9998056292533875
1780203880953660100,1,-0.2139667123556137,0.08839983493089676,0.015552673488855362,0.003153391880914569,-0.0004778207221534103,0.00041642089490778744,0.9999948740005493
1780203880953660100,2,-0.7239051461219788,0.14525842666625977,0.09548170119524002,-0.002393845934420824,0.008326923474669456,0.017710141837596893,0.9998056292533875
1780203880959896100,1,-0.21396861970424652,0.08839891105890274,0.015552266500890255,0.0031935893930494785,-0.0005083714495413005,0.0003897236892953515,0.9999947547912598
1780203880959896100,2,-0.7239051461219788,0.14525842666625977,0.09548170119524002,-0.002393845934420824,0.008326923474669456,0.017710141837596893,0.9998056292533875
1780203880959896100,1,-0.21397672593593597,0.08839307725429535,0.015534333884716034,0.003200858598574996,-0.000452697480795905,0.0003900355368386954,0.9999947547912598
1780203880959896100,2,-0.7239051461219788,0.14525842666625977,0.09548170119524002,-0.002393845934420824,0.008326923474669456,0.017710141837596893,0.9998056292533875
1780203880974373000,1,-0.21399065852165222,0.08838802576065063,0.015519184991717339,0.003149845404550433,-0.00046058595762588084,0.00038021322689019144,0.9999948740005493
1780203880974373000,2,-0.7239051461219788,0.14525842666625977,0.09548170119524002,-0.002393845934420824,0.008326923474669456,0.017710141837596893,0.9998056292533875
1780203880974373000,1,-0.21399255096912384,0.08839650452136993,0.015524427406489849,0.0031338511034846306,-0.00045211793622002006,0.00038393924478441477,0.9999949932098389
1780203880974373000,2,-0.7239051461219788,0.14525842666625977,0.09548170119524002,-0.002393845934420824,0.008326923474669456,0.017710141837596893,0.9998056292533875
1780203880990205500,1,-0.21399563550949097,0.08839811384677887,0.015542500652372837,0.003202089574187994,-0.0004937013727612793,0.00033663815702311695,0.9999947547912598
1780203880990205500,2,-0.7239051461219788,0.14525842666625977,0.09548170119524002,-0.002393845934420824,0.008326923474669456,0.017710141837596893,0.9998056292533875
1780203881001485600,1,-0.21398264169692993,0.0884174332022667,0.015557478182017803,0.003222918603569269,-0.00047447995166294277,0.0004129994777031243,0.9999946355819702
1780203881001485600,2,-0.7239051461219788,0.14525842666625977,0.09548170119524002,-0.002393845934420824,0.008326923474669456,0.017710141837596893,0.9998056292533875
1780203881006291400,1,-0.21396633982658386,0.08842957764863968,0.015545669943094254,0.0031773438677191734,-0.0004442933131940663,0.0004177817900199443,0.9999947547912598
1780203881006291400,2,-0.7239051461219788,0.14525842666625977,0.09548170119524002,-0.002393845934420824,0.008326923474669456,0.017710141837596893,0.9998056292533875
1780203881006291400,1,-0.21396461129188538,0.08841527253389359,0.015539039857685566,0.0031664513517171144,-0.00046725349966436625,0.0004154811904300004,0.9999948740005493
1780203881006291400,2,-0.7239051461219788,0.14525842666625977,0.09548170119524002,-0.002393845934420824,0.008326923474669456,0.017710141837596893,0.9998056292533875
1780203881022090400,1,-0.2139570713043213,0.08841975033283234,0.015536063350737095,0.0031874445267021656,-0.0004727191699203104,0.0004468634142540395,0.9999947547912598
1780203881022090400,2,-0.7239051461219788,0.14525842666625977,0.09548170119524002,-0.002393845934420824,0.008326923474669456,0.017710141837596893,0.9998056292533875
1780203881037903100,1,-0.21398009359836578,0.08838919550180435,0.01553755346685648,0.0031740418635308743,-0.00045972803491167724,0.0003680734953377396,0.9999948740005493
1780203881037903100,2,-0.7239051461219788,0.14525842666625977,0.09548170119524002,-0.002393845934420824,0.008326923474669456,0.017710141837596893,0.9998056292533875
1780203881037903100,1,-0.21399550139904022,0.08836661279201508,0.015532981604337692,0.00315086985938251,-0.00044704528409056365,0.0004302109591662884,0.9999948740005493
1780203881037903100,2,-0.7239051461219788,0.14525842666625977,0.09548170119524002,-0.002393845934420824,0.008326923474669456,0.017710141837596893,0.9998056292533875
1780203881053558900,1,-0.21399672329425812,0.08837966620922089,0.015538284555077553,0.003161161206662655,-0.0004716154362540692,0.00036120915319770575,0.9999948740005493
1780203881053558900,2,-0.7239051461219788,0.14525842666625977,0.09548170119524002,-0.002393845934420824,0.008326923474669456,0.017710141837596893,0.9998056292533875
1780203881053558900,1,-0.2139948010444641,0.08839892596006393,0.015538903884589672,0.003179247723892331,-0.0004992419853806496,0.0003601448843255639,0.9999947547912598
1780203881053558900,2,-0.7239051461219788,0.14525842666625977,0.09548170119524002,-0.002393845934420824,0.008326923474669456,0.017710141837596893,0.9998056292533875
1780203881069326000,1,-0.21398305892944336,0.08842261135578156,0.015544776804745197,0.0031448660884052515,-0.0004719506250694394,0.00036193913547322154,0.9999948740005493
1780203881069326000,2,-0.7239051461219788,0.14525842666625977,0.09548170119524002,-0.002393845934420824,0.008326923474669456,0.017710141837596893,0.9998056292533875
1780203881069326000,1,-0.21396593749523163,0.08843345195055008,0.015558706596493721,0.0031867630314081907,-0.00046701423707418144,0.0003478472644928843,0.9999947547912598
1780203881069326000,2,-0.7239051461219788,0.14525842666625977,0.09548170119524002,-0.002393845934420824,0.008326923474669456,0.017710141837596893,0.9998056292533875
1780203881085014700,1,-0.2139691859483719,0.08843250572681427,0.015555603429675102,0.0031935882288962603,-0.0004588950250763446,0.0003736814542207867,0.9999947547912598
1780203881085014700,2,-0.7239051461219788,0.14525842666625977,0.09548170119524002,-0.002393845934420824,0.008326923474669456,0.017710141837596893,0.9998056292533875
1780203881085014700,1,-0.21397140622138977,0.08841764181852341,0.015546508133411407,0.0031545842066407204,-0.0004717350529972464,0.00040465962956659496,0.9999948740005493
1780203881085014700,2,-0.7239051461219788,0.14525842666625977,0.09548170119524002,-0.002393845934420824,0.008326923474669456,0.017710141837596893,0.9998056292533875
1780203881101016700,1,-0.2139795571565628,0.08839039504528046,0.015532485209405422,0.0031654117628932,-0.0004699091368820518,0.00034768678597174585,0.9999948740005493
1780203881101016700,2,-0.7239051461219788,0.14525842666625977,0.09548170119524002,-0.002393845934420824,0.008326923474669456,0.017710141837596893,0.9998056292533875
1780203881101016700,1,-0.21397794783115387,0.0883774608373642,0.015526694245636463,0.0031215129420161247,-0.00047772255493327975,0.0003815481613855809,0.9999949932098389
1780203881101016700,2,-0.7239051461219788,0.14525842666625977,0.09548170119524002,-0.002393845934420824,0.008326923474669456,0.017710141837596893,0.9998056292533875
1780203881117189600,1,-0.21397782862186432,0.08837637305259705,0.01552658062428236,0.0031619330402463675,-0.0004809435340575874,0.00036605444620363414,0.9999948740005493
1780203881117189600,2,-0.7239051461219788,0.14525842666625977,0.09548170119524002,-0.002393845934420824,0.008326923474669456,0.017710141837596893,0.9998056292533875
1780203881117189600,1,-0.21398453414440155,0.08838400989770889,0.015534088015556335,0.0031557667534798384,-0.00046652532182633877,0.00040369670023210347,0.9999948740005493
1780203881117189600,2,-0.7239051461219788,0.14525842666625977,0.09548170119524002,-0.002393845934420824,0.008326923474669456,0.017710141837596893,0.9998056292533875
1780203881136590700,1,-0.21398748457431793,0.0883975401520729,0.015547063201665878,0.003225625492632389,-0.0005222574109211564,0.0003620942297857255,0.9999946355819702
1780203881136590700,2,-0.7239051461219788,0.14525842666625977,0.09548170119524002,-0.002393845934420824,0.008326923474669456,0.017710141837596893,0.9998056292533875
1780203881136590700,1,-0.21397747099399567,0.08842645585536957,0.015562228858470917,0.003196938196197152,-0.0004934737808071077,0.0003824853047262877,0.9999947547912598
1780203881136590700,2,-0.7239051461219788,0.14525842666625977,0.09548170119524002,-0.002393845934420824,0.008326923474669456,0.017710141837596893,0.9998056292533875
1780203881149027600,1,-0.21397580206394196,0.08843221515417099,0.015554954297840595,0.003203319851309061,-0.00047367156366817653,0.0003604459634516388,0.9999947547912598
1780203881149027600,2,-0.7239051461219788,0.14525842666625977,0.09548170119524002,-0.002393845934420824,0.008326923474669456,0.017710141837596893,0.9998056292533875
1780203881149027600,1,-0.2139703631401062,0.08842375129461288,0.015546334907412529,0.003247508080676198,-0.00047097369679249823,0.000342922518029809,0.9999946355819702
1780203881164778500,2,-0.7239051461219788,0.14525842666625977,0.09548170119524002,-0.002393845934420824,0.008326923474669456,0.017710141837596893,0.9998056292533875
1780203881164778500,1,-0.213966503739357,0.0883990153670311,0.01553516834974289,0.0032440617214888334,-0.0004852265410590917,0.0004099929064977914,0.9999945163726807
1780203881164778500,2,-0.7239051461219788,0.14525842666625977,0.09548170119524002,-0.002393845934420824,0.008326923474669456,0.017710141837596893,0.9998056292533875
1780203881164778500,1,-0.21397006511688232,0.08837513625621796,0.015524783171713352,0.003206629538908601,-0.0004873485886491835,0.0003699639637488872,0.9999947547912598
1780203881164778500,2,-0.7239051461219788,0.14525842666625977,0.09548170119524002,-0.002393845934420824,0.008326923474669456,0.017710141837596893,0.9998056292533875
1780203881180697000,1,-0.21397191286087036,0.08837820589542389,0.015520267188549042,0.0031705107539892197,-0.0004947432898916304,0.0003668802964966744,0.9999947547912598
1780203881180697000,2,-0.7239051461219788,0.14525842666625977,0.09548170119524002,-0.002393845934420824,0.008326923474669456,0.017710141837596893,0.9998056292533875
1780203881180697000,1,-0.21399015188217163,0.08836403489112854,0.015537198632955551,0.0031510379631072283,-0.00046908980584703386,0.00032402403303422034,0.9999948740005493
1780203881180697000,2,-0.7239051461219788,0.14525842666625977,0.09548170119524002,-0.002393845934420824,0.008326923474669456,0.017710141837596893,0.9998056292533875
1780203881196539700,1,-0.21400079131126404,0.08839373290538788,0.0155411958694458,0.003192923031747341,-0.0004600411339197308,0.0003471388772595674,0.9999947547912598
1780203881196539700,2,-0.7239051461219788,0.14525842666625977,0.09548170119524002,-0.002393845934420824,0.008326923474669456,0.017710141837596893,0.9998056292533875
1780203881196539700,1,-0.21399284899234772,0.08842163532972336,0.01554214209318161,0.0031977372709661722,-0.00047562288818880916,0.00035922176903113723,0.9999947547912598
1780203881196539700,2,-0.7239051461219788,0.14525842666625977,0.09548170119524002,-0.002393845934420824,0.008326923474669456,0.017710141837596893,0.9998056292533875
1780203881212295600,1,-0.21397553384304047,0.08844637870788574,0.015539084561169147,0.0032131557818502188,-0.0004980973899364471,0.0003877120034303516,0.9999946355819702
1780203881212295600,2,-0.7239051461219788,0.14525842666625977,0.09548170119524002,-0.002393845934420824,0.008326923474669456,0.017710141837596893,0.9998056292533875
1780203881228595800,1,-0.21396392583847046,0.0884304791688919,0.015549320727586746,0.0032047813292592764,-0.0004965209518559277,0.0003644710232038051,0.9999947547912598
1780203881228595800,2,-0.7239051461219788,0.14525842666625977,0.09548170119524002,-0.002393845934420824,0.008326923474669456,0.017710141837596893,0.9998056292533875
1780203881236989500,1,-0.2139630764722824,0.08841057121753693,0.015547491610050201,0.003200586885213852,-0.00047985947458073497,0.00030590652022510767,0.9999947547912598
1780203881236989500,2,-0.7239051461219788,0.14525842666625977,0.09548170119524002,-0.002393845934420824,0.008326923474669456,0.017710141837596893,0.9998056292533875
1780203881244373500,1,-0.21396759152412415,0.08838973939418793,0.015551721677184105,0.003250483889132738,-0.0004893437144346535,0.0003074152336921543,0.9999946355819702
1780203881244373500,2,-0.7239051461219788,0.14525842666625977,0.09548170119524002,-0.002393845934420824,0.008326923474669456,0.017710141837596893,0.9998056292533875
1780203881244373500,1,-0.21397361159324646,0.0883781686425209,0.015546116046607494,0.0031623193062841892,-0.0004858097527176142,0.00034227967262268066,0.9999948740005493
1780203881244373500,2,-0.7239051461219788,0.14525842666625977,0.09548170119524002,-0.002393845934420824,0.008326923474669456,0.017710141837596893,0.9998056292533875
1780203881260170300,1,-0.21398845314979553,0.08837585151195526,0.015536329708993435,0.003154054982587695,-0.0004705314349848777,0.0003820282581727952,0.9999948740005493
1780203881260170300,2,-0.7239051461219788,0.14525842666625977,0.09548170119524002,-0.002393845934420824,0.008326923474669456,0.017710141837596893,0.9998056292533875
1780203881260170300,1,-0.2139928787946701,0.08837533742189407,0.015528078190982342,0.003174843965098262,-0.0004638281825464219,0.00035697579733096063,0.9999948740005493
1780203881260170300,2,-0.7239051461219788,0.14525842666625977,0.09548170119524002,-0.002393845934420824,0.008326923474669456,0.017710141837596893,0.9998056292533875
1780203881276127800,1,-0.21398499608039856,0.08841539919376373,0.01551701221615076,0.003193056210875511,-0.0004477858601603657,0.00035655678948387504,0.9999947547912598
1780203881276127800,2,-0.7239051461219788,0.14525842666625977,0.09548170119524002,-0.002393845934420824,0.008326923474669456,0.017710141837596893,0.9998056292533875
1780203881276127800,1,-0.21398013830184937,0.08842140436172485,0.015532609075307846,0.0032384844962507486,-0.00046528762322850525,0.0003554661525413394,0.9999946355819702
1780203881276127800,2,-0.7239051461219788,0.14525842666625977,0.09548170119524002,-0.002393845934420824,0.008326923474669456,0.017710141837596893,0.9998056292533875
1780203881292241500,1,-0.21397389471530914,0.08842483907938004,0.015546363778412342,0.003219455946236849,-0.0004645484150387347,0.00037165815592743456,0.9999946355819702
1780203881292241500,2,-0.7239051461219788,0.14525842666625977,0.09548170119524002,-0.002393845934420824,0.008326923474669456,0.017710141837596893,0.9998056292533875
1780203881292241500,1,-0.21396364271640778,0.0884324461221695,0.015551285818219185,0.0032182636205106974,-0.0004605386347975582,0.00034378745476715267,0.9999946355819702
1780203881292241500,2,-0.7239051461219788,0.14525842666625977,0.09548170119524002,-0.002393845934420824,0.008326923474669456,0.017710141837596893,0.9998056292533875
1780203881308132200,1,-0.21396780014038086,0.08841610699892044,0.015558877028524876,0.0031728658359497786,-0.00045338465133681893,0.00036485097371041775,0.9999948740005493
1780203881308132200,2,-0.7239051461219788,0.14525842666625977,0.09548170119524002,-0.002393845934420824,0.008326923474669456,0.017710141837596893,0.9998056292533875
1780203881308132200,1,-0.21397334337234497,0.0884031131863594,0.015550496987998486,0.003201261395588517,-0.00045817464706487954,0.0003942798648495227,0.9999947547912598
1780203881308132200,2,-0.7239051461219788,0.14525842666625977,0.09548170119524002,-0.002393845934420824,0.008326923474669456,0.017710141837596893,0.9998056292533875
1780203881324101200,1,-0.2139797955751419,0.08838550001382828,0.015537451021373272,0.0031812400557100773,-0.0004701912694144994,0.00034021184546872973,0.9999947547912598
1780203881324101200,2,-0.7239051461219788,0.14525842666625977,0.09548170119524002,-0.002393845934420824,0.008326923474669456,0.017710141837596893,0.9998056292533875
1780203881324101200,1,-0.21398445963859558,0.08837632834911346,0.015526005066931248,0.0031506975647062063,-0.0004886112874373794,0.0003334895591251552,0.9999948740005493
1780203881324101200,2,-0.7239051461219788,0.14525842666625977,0.09548170119524002,-0.002393845934420824,0.008326923474669456,0.017710141837596893,0.9998056292533875
1780203881339954800,1,-0.21398970484733582,0.08837561309337616,0.015517603605985641,0.003198864869773388,-0.00047303028986789286,0.0003419223357923329,0.9999947547912598
1780203881339954800,2,-0.7239051461219788,0.14525842666625977,0.09548170119524002,-0.002393845934420824,0.008326923474669456,0.017710141837596893,0.9998056292533875
1780203881339954800,1,-0.21398970484733582,0.08838912099599838,0.015519748441874981,0.003191114403307438,-0.00046821669093333185,0.0003749850147869438,0.9999947547912598
1780203881339954800,2,-0.7239051461219788,0.14525842666625977,0.09548170119524002,-0.002393845934420824,0.008326923474669456,0.017710141837596893,0.9998056292533875
1780203881355870800,1,-0.21397750079631805,0.08841607719659805,0.015531791374087334,0.003193904412910342,-0.00047551337047480047,0.0003367608296684921,0.9999947547912598
1780203881355870800,2,-0.7239051461219788,0.14525842666625977,0.09548170119524002,-0.002393845934420824,0.008326923474669456,0.017710141837596893,0.9998056292533875
1780203881355870800,1,-0.21397100389003754,0.08842945843935013,0.015551473945379257,0.0032355121802538633,-0.0004872373538091779,0.0003786837332881987,0.9999946355819702
1780203881355870800,2,-0.7239051461219788,0.14525842666625977,0.09548170119524002,-0.002393845934420824,0.008326923474669456,0.017710141837596893,0.9998056292533875
1780203881371663700,1,-0.21397218108177185,0.08842984586954117,0.015557868406176567,0.0032348439563065767,-0.0004940355429425836,0.00035395691520534456,0.9999946355819702
1780203881371663700,2,-0.7239051461219788,0.14525842666625977,0.09548170119524002,-0.002393845934420824,0.008326923474669456,0.017710141837596893,0.9998056292533875
1780203881385699400,1,-0.21397003531455994,0.08842036128044128,0.015553117729723454,0.003161280881613493,-0.0004879063635598868,0.00032221199944615364,0.9999948740005493
1780203881385699400,2,-0.7239051461219788,0.14525842666625977,0.09548170119524002,-0.002393845934420824,0.008326923474669456,0.017710141837596893,0.9998056292533875
1780203881393515500,1,-0.21397362649440765,0.08839953690767288,0.01553457323461771,0.0031670290045440197,-0.00048251214320771396,0.00036972761154174805,0.9999948740005493
1780203881393515500,2,-0.7239051461219788,0.14525842666625977,0.09548170119524002,-0.002393845934420824,0.008326923474669456,0.017710141837596893,0.9998056292533875
1780203881403418800,1,-0.21398603916168213,0.08838574588298798,0.015532484278082848,0.0031467450316995382,-0.000462440395494923,0.0004734549147542566,0.9999948740005493
1780203881403418800,2,-0.7239051461219788,0.14525842666625977,0.09548170119524002,-0.002393845934420824,0.008326923474669456,0.017710141837596893,0.9998056292533875
1780203881403418800,1,-0.2139860987663269,0.08837659657001495,0.015526765026152134,0.0031606005504727364,-0.0004576610226649791,0.0003876062110066414,0.9999948740005493
1780203881403418800,2,-0.7239051461219788,0.14525842666625977,0.09548170119524002,-0.002393845934420824,0.008326923474669456,0.017710141837596893,0.9998056292533875
1780203881419155300,1,-0.21398906409740448,0.0883818045258522,0.015522020868957043,0.00322911748662591,-0.000485517579363659,0.0003093892300967127,0.9999946355819702
1780203881419155300,2,-0.7239051461219788,0.14525842666625977,0.09548170119524002,-0.002393845934420824,0.008326923474669456,0.017710141837596893,0.9998056292533875
1780203881419155300,1,-0.2139737904071808,0.0883975476026535,0.015537822619080544,0.0032238003332167864,-0.00045122657320462167,0.00035700859734788537,0.9999946355819702
1780203881419155300,2,-0.7239051461219788,0.14525842666625977,0.09548170119524002,-0.002393845934420824,0.008326923474669456,0.017710141837596893,0.9998056292533875
1780203881435002500,1,-0.21396568417549133,0.08842212706804276,0.015546775422990322,0.0032214417587965727,-0.0004810867249034345,0.00037239649100229144,0.9999946355819702
1780203881435002500,2,-0.7239051461219788,0.14525842666625977,0.09548170119524002,-0.002393845934420824,0.008326923474669456,0.017710141837596893,0.9998056292533875
1780203881438290700,1,-0.21395985782146454,0.08844482153654099,0.015559324063360691,0.0032588315661996603,-0.000496830849442631,0.00040874662226997316,0.9999945163726807
1780203881438290700,2,-0.7239051461219788,0.14525842666625977,0.09548170119524002,-0.002393845934420824,0.008326923474669456,0.017710141837596893,0.9998056292533875
1780203881450828900,1,-0.21397466957569122,0.08842627704143524,0.015554256737232208,0.00319456635043025,-0.00045242434134706855,0.00043007859494537115,0.9999947547912598
1780203881450828900,2,-0.7239051461219788,0.14525842666625977,0.09548170119524002,-0.002393845934420824,0.008326923474669456,0.017710141837596893,0.9998056292533875
1780203881450828900,1,-0.213985413312912,0.0884016752243042,0.015544706955552101,0.0031531378626823425,-0.0004482749500311911,0.0004285191826056689,0.9999948740005493
1780203881450828900,2,-0.7239051461219788,0.14525842666625977,0.09548170119524002,-0.002393845934420824,0.008326923474669456,0.017710141837596893,0.9998056292533875
1780203881466574900,1,-0.21399261057376862,0.08838674426078796,0.015533286146819592,0.0031390755902975798,-0.00044492899905890226,0.00037207684363238513,0.9999949932098389
1780203881466574900,2,-0.7239051461219788,0.14525842666625977,0.09548170119524002,-0.002393845934420824,0.008326923474669456,0.017710141837596893,0.9998056292533875
1780203881466574900,1,-0.21399402618408203,0.08837555348873138,0.015523646958172321,0.0031765028834342957,-0.00047549468581564724,0.00037367455661296844,0.9999947547912598
1780203881466574900,2,-0.7239051461219788,0.14525842666625977,0.09548170119524002,-0.002393845934420824,0.008326923474669456,0.017710141837596893,0.9998056292533875
1780203881482718300,1,-0.213980033993721,0.08837655931711197,0.015521064400672913,0.0031768945045769215,-0.00046186207327991724,0.00041383280768059194,0.9999947547912598
1780203881482718300,2,-0.7239051461219788,0.14525842666625977,0.09548170119524002,-0.002393845934420824,0.008326923474669456,0.017710141837596893,0.9998056292533875
1780203881482718300,1,-0.21397030353546143,0.08839264512062073,0.015527142211794853,0.003169990610331297,-0.00046798441326245666,0.00035313048283569515,0.9999948740005493
1780203881482718300,2,-0.7239051461219788,0.14525842666625977,0.09548170119524002,-0.002393845934420824,0.008326923474669456,0.017710141837596893,0.9998056292533875
1780203881504125300,1,-0.21396800875663757,0.08841829001903534,0.015541819855570793,0.0031709561590105295,-0.00047746574273332953,0.0003980186302214861,0.9999947547912598
1780203881504125300,2,-0.7239051461219788,0.14525842666625977,0.09548170119524002,-0.002393845934420824,0.008326923474669456,0.017710141837596893,0.9998056292533875
1780203881510173000,1,-0.21396520733833313,0.08843319863080978,0.015557472594082355,0.0032307696528732777,-0.000461966817965731,0.0003398169355932623,0.9999946355819702
1780203881510173000,2,-0.7239051461219788,0.14525842666625977,0.09548170119524002,-0.002393845934420824,0.008326923474669456,0.017710141837596893,0.9998056292533875
1780203881514259400,1,-0.21397238969802856,0.08842422813177109,0.015561983920633793,0.003244915511459112,-0.000473812862765044,0.00027502886950969696,0.9999946355819702
1780203881514259400,2,-0.7239051461219788,0.14525842666625977,0.09548170119524002,-0.002393845934420824,0.008326923474669456,0.017710141837596893,0.9998056292533875
1780203881514259400,1,-0.21397222578525543,0.0884065255522728,0.015556189231574535,0.003208064939826727,-0.0004606287693604827,0.00028770079370588064,0.9999947547912598
1780203881514259400,2,-0.7239051461219788,0.14525842666625977,0.09548170119524002,-0.002393845934420824,0.008326923474669456,0.017710141837596893,0.9998056292533875
1780203881530429700,1,-0.21397341787815094,0.08839622884988785,0.015537223778665066,0.0031245730351656675,-0.00043537013698369265,0.00044243221054784954,0.9999949932098389
1780203881530429700,2,-0.7239051461219788,0.14525842666625977,0.09548170119524002,-0.002393845934420824,0.008326923474669456,0.017710141837596893,0.9998056292533875
1780203881538759000,1,-0.21398411691188812,0.08837060630321503,0.015521659515798092,0.003094616113230586,-0.00047006263048388064,0.0003826190368272364,0.9999951124191284
1780203881538759000,2,-0.7239051461219788,0.14525842666625977,0.09548170119524002,-0.002393845934420824,0.008326923474669456,0.017710141837596893,0.9998056292533875
1780203881546490100,1,-0.21398016810417175,0.08837326616048813,0.015527639538049698,0.0031639107037335634,-0.0004832934937439859,0.00034323454019613564,0.9999948740005493
1780203881546490100,2,-0.7239051461219788,0.14525842666625977,0.09548170119524002,-0.002393845934420824,0.008326923474669456,0.017710141837596893,0.9998056292533875
1780203881562560300,1,-0.21399061381816864,0.08840180188417435,0.015529184602200985,0.0031483781058341265,-0.0004480429633986205,0.0003434461250435561,0.9999948740005493
1780203881562560300,2,-0.7239051461219788,0.14525842666625977,0.09548170119524002,-0.002393845934420824,0.008326923474669456,0.017710141837596893,0.9998056292533875
1780203881562560300,1,-0.21398891508579254,0.08841290324926376,0.015546419657766819,0.0032320457976311445,-0.0004740432486869395,0.00032417065813206136,0.9999946355819702
1780203881562560300,2,-0.7239051461219788,0.14525842666625977,0.09548170119524002,-0.002393845934420824,0.008326923474669456,0.017710141837596893,0.9998056292533875
1780203881578651700,1,-0.2139774113893509,0.08843472599983215,0.015553242526948452,0.0031907283701002598,-0.00044246777542866766,0.0004003392532467842,0.9999947547912598
1780203881578651700,2,-0.7239051461219788,0.14525842666625977,0.09548170119524002,-0.002393845934420824,0.008326923474669456,0.017710141837596893,0.9998056292533875
1780203881578651700,1,-0.21396726369857788,0.08844725042581558,0.015536295250058174,0.0032007931731641293,-0.0004522162489593029,0.00036612668191082776,0.9999947547912598
1780203881578651700,2,-0.7239051461219788,0.14525842666625977,0.09548170119524002,-0.002393845934420824,0.008326923474669456,0.017710141837596893,0.9998056292533875
1780203881594687700,1,-0.21396321058273315,0.08841612935066223,0.015535212121903896,0.0032127494923770428,-0.000481039984151721,0.0003560626646503806,0.9999946355819702
1780203881594687700,2,-0.7239051461219788,0.14525842666625977,0.09548170119524002,-0.002393845934420824,0.008326923474669456,0.017710141837596893,0.9998056292533875
1780203881594687700,1,-0.21396294236183167,0.08839365839958191,0.015533990226686,0.0031455380376428366,-0.0004533296450972557,0.0004087868728674948,0.9999948740005493
1780203881594687700,2,-0.7239051461219788,0.14525842666625977,0.09548170119524002,-0.002393845934420824,0.008326923474669456,0.017710141837596893,0.9998056292533875
1780203881610730200,1,-0.21397951245307922,0.08836612105369568,0.015529566444456577,0.003155791200697422,-0.00046377480612136424,0.0003849375934805721,0.9999948740005493
1780203881610730200,2,-0.7239051461219788,0.14525842666625977,0.09548170119524002,-0.002393845934420824,0.008326923474669456,0.017710141837596893,0.9998056292533875
1780203881610730200,1,-0.21399129927158356,0.088370680809021,0.0155372004956007,0.0031148060224950314,-0.0004426507221069187,0.0004267087788321078,0.9999949932098389
1780203881610730200,2,-0.7239051461219788,0.14525842666625977,0.09548170119524002,-0.002393845934420824,0.008326923474669456,0.017710141837596893,0.9998056292533875
1780203881626535200,1,-0.21399050951004028,0.08839430660009384,0.015542175620794296,0.0031573339365422726,-0.0004591136530507356,0.000388798100175336,0.9999948740005493
1780203881626535200,2,-0.7239051461219788,0.14525842666625977,0.09548170119524002,-0.002393845934420824,0.008326923474669456,0.017710141837596893,0.9998056292533875
1780203881626535200,1,-0.21398423612117767,0.08842141926288605,0.01555069349706173,0.0031707838643342257,-0.0004685892490670085,0.00032562550040893257,0.9999948740005493
1780203881626535200,2,-0.7239051461219788,0.14525842666625977,0.09548170119524002,-0.002393845934420824,0.008326923474669456,0.017710141837596893,0.9998056292533875
1780203881646078400,1,-0.21397298574447632,0.08845400810241699,0.015548499301075935,0.0031926368828862906,-0.00045759195927530527,0.00034386629704385996,0.9999947547912598
1780203881646078400,2,-0.7239051461219788,0.14525842666625977,0.09548170119524002,-0.002393845934420824,0.008326923474669456,0.017710141837596893,0.9998056292533875
1780203881646078400,1,-0.21396766602993011,0.08844690769910812,0.01554472278803587,0.0032031971495598555,-0.00045296995085664093,0.0003325412981212139,0.9999947547912598
1780203881646078400,2,-0.7239051461219788,0.14525842666625977,0.09548170119524002,-0.002393845934420824,0.008326923474669456,0.017710141837596893,0.9998056292533875
1780203881662723400,1,-0.21397264301776886,0.08841393887996674,0.015538206323981285,0.0032523388508707285,-0.0004778607399202883,0.0003046425699722022,0.9999946355819702
1780203881662723400,2,-0.7239051461219788,0.14525842666625977,0.09548170119524002,-0.002393845934420824,0.008326923474669456,0.017710141837596893,0.9998056292533875
1780203881662723400,1,-0.21397963166236877,0.08838726580142975,0.015532374382019043,0.003214667784050107,-0.00045833978219889104,0.00038263562601059675,0.9999946355819702
1780203881662723400,2,-0.7239051461219788,0.14525842666625977,0.09548170119524002,-0.002393845934420824,0.008326923474669456,0.017710141837596893,0.9998056292533875
1780203881676358800,1,-0.21398209035396576,0.0883655920624733,0.015531093813478947,0.0031921013724058867,-0.0004870114498771727,0.00035459897480905056,0.9999947547912598
1780203881676358800,2,-0.7239051461219788,0.14525842666625977,0.09548170119524002,-0.002393845934420824,0.008326923474669456,0.017710141837596893,0.9998056292533875
1780203881676358800,1,-0.21397578716278076,0.08838016539812088,0.015536402352154255,0.0031668718438595533,-0.000508583674672991,0.0003136369923595339,0.9999948740005493
1780203881676358800,2,-0.7239051461219788,0.14525842666625977,0.09548170119524002,-0.002393845934420824,0.008326923474669456,0.017710141837596893,0.9998056292533875
1780203881690190100,1,-0.21397797763347626,0.08840008080005646,0.015541735105216503,0.0031467487569898367,-0.0004874790320172906,0.0003590627165976912,0.9999948740005493
1780203881690190100,2,-0.7239051461219788,0.14525842666625977,0.09548170119524002,-0.002393845934420824,0.008326923474669456,0.017710141837596893,0.9998056292533875
1780203881690190100,1,-0.21398290991783142,0.08842446655035019,0.015545888803899288,0.0031549863051623106,-0.0004644460859708488,0.0004811641701962799,0.9999948740005493
1780203881690190100,2,-0.7239051461219788,0.14525842666625977,0.09548170119524002,-0.002393845934420824,0.008326923474669456,0.017710141837596893,0.9998056292533875
1780203881706105000,1,-0.21397331357002258,0.08843633532524109,0.015552200376987457,0.0032056914642453194,-0.00048115229583345354,0.00036831211764365435,0.9999947547912598
1780203881706105000,2,-0.7239051461219788,0.14525842666625977,0.09548170119524002,-0.002393845934420824,0.008326923474669456,0.017710141837596893,0.9998056292533875
1780203881706105000,1,-0.21397708356380463,0.08842534571886063,0.015549966134130955,0.0032456032931804657,-0.00047697164700366557,0.00032060910598374903,0.9999946355819702
1780203881706105000,2,-0.7239051461219788,0.14525842666625977,0.09548170119524002,-0.002393845934420824,0.008326923474669456,0.017710141837596893,0.9998056292533875
1780203881721904600,1,-0.21397683024406433,0.088411845266819,0.015533223748207092,0.0032129946630448103,-0.00047257624100893736,0.0002903122513089329,0.9999947547912598
1780203881721904600,2,-0.7239051461219788,0.14525842666625977,0.09548170119524002,-0.002393845934420824,0.008326923474669456,0.017710141837596893,0.9998056292533875
1780203881737785200,1,-0.2139771282672882,0.08838434517383575,0.015529402531683445,0.003186808666214347,-0.0004617331433109939,0.0003103117924183607,0.9999947547912598
1780203881737785200,2,-0.7239051461219788,0.14525842666625977,0.09548170119524002,-0.002393845934420824,0.008326923474669456,0.017710141837596893,0.9998056292533875
1780203881740355200,1,-0.21397428214550018,0.08837562054395676,0.01553143560886383,0.0032149453181773424,-0.0004952216404490173,0.0003326820151414722,0.9999946355819702
1780203881740355200,2,-0.7239051461219788,0.14525842666625977,0.09548170119524002,-0.002393845934420824,0.008326923474669456,0.017710141837596893,0.9998056292533875
1780203881753648100,1,-0.21397145092487335,0.0883808508515358,0.015534520149230957,0.0031796926632523537,-0.00048384323599748313,0.00037708430318161845,0.9999947547912598
1780203881753648100,2,-0.7239051461219788,0.14525842666625977,0.09548170119524002,-0.002393845934420824,0.008326923474669456,0.017710141837596893,0.9998056292533875
1780203881759128100,1,-0.2139778733253479,0.08838734030723572,0.015545089729130268,0.003202658612281084,-0.0004791176179423928,0.00036078557604923844,0.9999947547912598
1780203881759128100,2,-0.7239051461219788,0.14525842666625977,0.09548170119524002,-0.002393845934420824,0.008326923474669456,0.017710141837596893,0.9998056292533875
1780203881769517300,1,-0.21398232877254486,0.08840185403823853,0.015547320246696472,0.003208389040082693,-0.00045565201435238123,0.0003612710570450872,0.9999947547912598
1780203881769517300,2,-0.7239051461219788,0.14525842666625977,0.09548170119524002,-0.002393845934420824,0.008326923474669456,0.017710141837596893,0.9998056292533875
1780203881769517300,1,-0.21397939324378967,0.08842553198337555,0.015551542863249779,0.0031916548032313585,-0.0004657239478547126,0.0003923932963516563,0.9999947547912598
1780203881769517300,2,-0.7239051461219788,0.14525842666625977,0.09548170119524002,-0.002393845934420824,0.008326923474669456,0.017710141837596893,0.9998056292533875
1780203881785669000,1,-0.21397556364536285,0.0884275734424591,0.01554873213171959,0.003172867465764284,-0.00044705101754516363,0.0003262926184106618,0.9999948740005493
1780203881785669000,2,-0.7239051461219788,0.14525842666625977,0.09548170119524002,-0.002393845934420824,0.008326923474669456,0.017710141837596893,0.9998056292533875
1780203881785669000,1,-0.21397632360458374,0.08842084556818008,0.01554122380912304,0.0031904601491987705,-0.00046528983511961997,0.0003684531548060477,0.9999947547912598
1780203881785669000,2,-0.7239051461219788,0.14525842666625977,0.09548170119524002,-0.002393845934420824,0.008326923474669456,0.017710141837596893,0.9998056292533875
1780203881803042700,1,-0.21398137509822845,0.08840479701757431,0.015537218190729618,0.003212157404050231,-0.00047211229684762657,0.00038457903428934515,0.9999946355819702
1780203881803042700,2,-0.7239051461219788,0.14525842666625977,0.09548170119524002,-0.002393845934420824,0.008326923474669456,0.017710141837596893,0.9998056292533875
1780203881803042700,1,-0.21397899091243744,0.08839146792888641,0.015532148070633411,0.003219586331397295,-0.00048187162610702217,0.000349358277162537,0.9999946355819702
1780203881803042700,2,-0.7239051461219788,0.14525842666625977,0.09548170119524002,-0.002393845934420824,0.008326923474669456,0.017710141837596893,0.9998056292533875
1780203881817359300,1,-0.21397849917411804,0.08837273716926575,0.015547705814242363,0.0032027047127485275,-0.00048062458517961204,0.00039581084274686873,0.9999947547912598
1780203881817359300,2,-0.7239051461219788,0.14525842666625977,0.09548170119524002,-0.002393845934420824,0.008326923474669456,0.017710141837596893,0.9998056292533875
1780203881817359300,1,-0.213980033993721,0.0883776843547821,0.015550085343420506,0.0031669344753026962,-0.00046215340262278914,0.0004459601186681539,0.9999947547912598
1780203881817359300,2,-0.7239051461219788,0.14525842666625977,0.09548170119524002,-0.002393845934420824,0.008326923474669456,0.017710141837596893,0.9998056292533875
1780203881833223200,1,-0.21397961676120758,0.0883956104516983,0.015535464510321617,0.0031332315411418676,-0.00045778893399983644,0.0004101750091649592,0.9999948740005493
1780203881833223200,2,-0.7239051461219788,0.14525842666625977,0.09548170119524002,-0.002393845934420824,0.008326923474669456,0.017710141837596893,0.9998056292533875
1780203881840914800,1,-0.2139786183834076,0.08841290324926376,0.01553563866764307,0.00316680409014225,-0.0004791623796336353,0.00042591101373545825,0.9999947547912598
1780203881840914800,2,-0.7239051461219788,0.14525842666625977,0.09548170119524002,-0.002393845934420824,0.008326923474669456,0.017710141837596893,0.9998056292533875
1780203881849438300,1,-0.2139802724123001,0.08842995017766953,0.015536099672317505,0.0031854126136749983,-0.0004937542253173888,0.0003814487427007407,0.9999947547912598
1780203881849438300,2,-0.7239051461219788,0.14525842666625977,0.09548170119524002,-0.002393845934420824,0.008326923474669456,0.017710141837596893,0.9998056292533875
1780203881849438300,1,-0.21397776901721954,0.08843906223773956,0.015544542111456394,0.003196505829691887,-0.00046807777835056186,0.00037789117777720094,0.9999947547912598
1780203881849438300,2,-0.7239051461219788,0.14525842666625977,0.09548170119524002,-0.002393845934420824,0.008326923474669456,0.017710141837596893,0.9998056292533875
1780203881865247400,1,-0.213982954621315,0.0884227380156517,0.015550768934190273,0.0032672747038304806,-0.000481817580293864,0.00031217443756759167,0.9999945163726807
1780203881865247400,2,-0.7239051461219788,0.14525842666625977,0.09548170119524002,-0.002393845934420824,0.008326923474669456,0.017710141837596893,0.9998056292533875
1780203881865247400,1,-0.21399176120758057,0.08839808404445648,0.015553904697299004,0.0032676064874976873,-0.0004870749544352293,0.0003270261222496629,0.9999945163726807
1780203881865247400,2,-0.7239051461219788,0.14525842666625977,0.09548170119524002,-0.002393845934420824,0.008326923474669456,0.017710141837596893,0.9998056292533875
1780203881881068900,1,-0.2139928787946701,0.08838026970624924,0.01554912980645895,0.0031599723733961582,-0.0004711246583610773,0.0004366935172583908,0.9999948740005493
1780203881881068900,2,-0.7239051461219788,0.14525842666625977,0.09548170119524002,-0.002393845934420824,0.008326923474669456,0.017710141837596893,0.9998056292533875
1780203881897067900,1,-0.21397604048252106,0.08837970346212387,0.01553446613252163,0.003201337531208992,-0.0004854902217630297,0.0003133549471385777,0.9999947547912598
1780203881897067900,2,-0.7239051461219788,0.14525842666625977,0.09548170119524002,-0.002393845934420824,0.008326923474669456,0.017710141837596893,0.9998056292533875
1780203881897067900,1,-0.21396413445472717,0.08837821334600449,0.01552597526460886,0.003177023259922862,-0.0004892596043646336,0.00031521066557615995,0.9999947547912598
1780203881897067900,2,-0.7239051461219788,0.14525842666625977,0.09548170119524002,-0.002393845934420824,0.008326923474669456,0.017710141837596893,0.9998056292533875
1780203881897067900,1,-0.2139614373445511,0.08840341866016388,0.015530455857515335,0.0031653305049985647,-0.0004478393530007452,0.00039558010757900774,0.9999948740005493
1780203881912995100,2,-0.7239051461219788,0.14525842666625977,0.09548170119524002,-0.002393845934420824,0.008326923474669456,0.017710141837596893,0.9998056292533875
1780203881912995100,1,-0.21397174894809723,0.08841536939144135,0.015536906197667122,0.0031955682206898928,-0.0004672692157328129,0.00039756944170221686,0.9999947547912598
1780203881912995100,2,-0.7239051461219788,0.14525842666625977,0.09548170119524002,-0.002393845934420824,0.008326923474669456,0.017710141837596893,0.9998056292533875
1780203881912995100,1,-0.21398937702178955,0.08842407912015915,0.015553253702819347,0.0031825355254113674,-0.0004705191822722554,0.0003495804558042437,0.9999947547912598
1780203881912995100,2,-0.7239051461219788,0.14525842666625977,0.09548170119524002,-0.002393845934420824,0.008326923474669456,0.017710141837596893,0.9998056292533875
1780203881929123200,1,-0.21398912370204926,0.08843295276165009,0.015556738711893559,0.003222533268854022,-0.00047848199028521776,0.00030188748496584594,0.9999946355819702
1780203881929123200,2,-0.7239051461219788,0.14525842666625977,0.09548170119524002,-0.002393845934420824,0.008326923474669456,0.017710141837596893,0.9998056292533875
1780203881945141900,1,-0.21399447321891785,0.08841456472873688,0.015558207407593727,0.0031942364294081926,-0.0004752685490529984,0.0003612524305935949,0.9999947547912598
1780203881945141900,2,-0.7239051461219788,0.14525842666625977,0.09548170119524002,-0.002393845934420824,0.008326923474669456,0.017710141837596893,0.9998056292533875
1780203881945141900,1,-0.21398793160915375,0.0883919820189476,0.01554647833108902,0.003202960826456547,-0.00046224394463934004,0.000370858731912449,0.9999947547912598
1780203881945141900,2,-0.7239051461219788,0.14525842666625977,0.09548170119524002,-0.002393845934420824,0.008326923474669456,0.017710141837596893,0.9998056292533875
1780203881961136500,1,-0.21397729218006134,0.08837275207042694,0.015532943420112133,0.003159555606544018,-0.00047356943832710385,0.00034427520586177707,0.9999948740005493
1780203881961136500,2,-0.7239051461219788,0.14525842666625977,0.09548170119524002,-0.002393845934420824,0.008326923474669456,0.017710141837596893,0.9998056292533875
1780203881961136500,1,-0.21397055685520172,0.08836639672517776,0.01552051492035389,0.0031627085991203785,-0.00048786497791297734,0.0003610303974710405,0.9999948740005493
1780203881961136500,2,-0.7239051461219788,0.14525842666625977,0.09548170119524002,-0.002393845934420824,0.008326923474669456,0.017710141837596893,0.9998056292533875
1780203881977218100,1,-0.21397262811660767,0.08837691694498062,0.015523096546530724,0.0031822873279452324,-0.00048538405098952353,0.00038616557139903307,0.9999947547912598
1780203881977218100,2,-0.7239051461219788,0.14525842666625977,0.09548170119524002,-0.002393845934420824,0.008326923474669456,0.017710141837596893,0.9998056292533875
1780203881977218100,1,-0.21396706998348236,0.08839719742536545,0.015528034418821335,0.003172576427459717,-0.00046509678941220045,0.0003371647617314011,0.9999948740005493
1780203881977218100,2,-0.7239051461219788,0.14525842666625977,0.09548170119524002,-0.002393845934420824,0.008326923474669456,0.017710141837596893,0.9998056292533875
1780203881993028200,1,-0.21397201716899872,0.08842331171035767,0.015542877838015556,0.003150230972096324,-0.0004904630477540195,0.00037580792559310794,0.9999948740005493
1780203881993028200,2,-0.7239051461219788,0.14525842666625977,0.09548170119524002,-0.002393845934420824,0.008326923474669456,0.017710141837596893,0.9998056292533875
1780203881993028200,1,-0.21397517621517181,0.08843515813350677,0.015554459765553474,0.0032314821146428585,-0.0004968359135091305,0.00039018463576212525,0.9999946355819702
1780203881993028200,2,-0.7239051461219788,0.14525842666625977,0.09548170119524002,-0.002393845934420824,0.008326923474669456,0.017710141837596893,0.9998056292533875
1780203882009198100,1,-0.2139829844236374,0.08842761814594269,0.015555007383227348,0.0032189239282160997,-0.00047439258196391165,0.0003651535080280155,0.9999946355819702
1780203882009198100,2,-0.7239051461219788,0.14525842666625977,0.09548170119524002,-0.002393845934420824,0.008326923474669456,0.017710141837596893,0.9998056292533875
1780203882009198100,1,-0.21398970484733582,0.08841227740049362,0.01554135326296091,0.0031769804190844297,-0.00045219252933748066,0.0004273478698451072,0.9999947547912598
1780203882009198100,2,-0.7239051461219788,0.14525842666625977,0.09548170119524002,-0.002393845934420824,0.008326923474669456,0.017710141837596893,0.9998056292533875
1780203882025379300,1,-0.21398793160915375,0.08838555216789246,0.015535770915448666,0.003193566342815757,-0.00046960273175500333,0.00038817402673885226,0.9999947547912598
1780203882025379300,2,-0.7239051461219788,0.14525842666625977,0.09548170119524002,-0.002393845934420824,0.008326923474669456,0.017710141837596893,0.9998056292533875
1780203882025379300,1,-0.21398687362670898,0.08836878091096878,0.015527031384408474,0.00316708255559206,-0.0004359330632723868,0.00043287762673571706,0.9999948740005493
1780203882025379300,2,-0.7239051461219788,0.14525842666625977,0.09548170119524002,-0.002393845934420824,0.008326923474669456,0.017710141837596893,0.9998056292533875
1780203882042180800,1,-0.2139790803194046,0.08837248384952545,0.01552050281316042,0.0031385289039462805,-0.0004542295355349779,0.0003813011571764946,0.9999948740005493
1780203882042180800,2,-0.7239051461219788,0.14525842666625977,0.09548170119524002,-0.002393845934420824,0.008326923474669456,0.017710141837596893,0.9998056292533875
1780203882042180800,1,-0.21397288143634796,0.08838364481925964,0.015526351518929005,0.0031587330158799887,-0.0004702905425801873,0.00034052898990921676,0.9999948740005493
1780203882042180800,2,-0.7239051461219788,0.14525842666625977,0.09548170119524002,-0.002393845934420824,0.008326923474669456,0.017710141837596893,0.9998056292533875
1780203882057446200,1,-0.21396593749523163,0.0884123146533966,0.015540205873548985,0.003165137954056263,-0.00047699164133518934,0.00038167170714586973,0.9999948740005493
1780203882057446200,2,-0.7239051461219788,0.14525842666625977,0.09548170119524002,-0.002393845934420824,0.008326923474669456,0.017710141837596893,0.9998056292533875
1780203882057446200,1,-0.21396765112876892,0.08842653036117554,0.015559176914393902,0.0032374367583543062,-0.0004806179495062679,0.00029464956605806947,0.9999946355819702
1780203882057446200,2,-0.7239051461219788,0.14525842666625977,0.09548170119524002,-0.002393845934420824,0.008326923474669456,0.017710141837596893,0.9998056292533875
1780203882073594700,1,-0.2139827311038971,0.08841746300458908,0.015556106343865395,0.003237559227272868,-0.0004930873983539641,0.00034993194276466966,0.9999946355819702
1780203882073594700,2,-0.7239051461219788,0.14525842666625977,0.09548170119524002,-0.002393845934420824,0.008326923474669456,0.017710141837596893,0.9998056292533875
1780203882073594700,1,-0.213993638753891,0.0884087085723877,0.015546581707894802,0.0031860372982919216,-0.0004644002765417099,0.000382785132387653,0.9999947547912598
1780203882073594700,2,-0.7239051461219788,0.14525842666625977,0.09548170119524002,-0.002393845934420824,0.008326923474669456,0.017710141837596893,0.9998056292533875
1780203882089640600,1,-0.21399742364883423,0.08839581906795502,0.015522435307502747,0.0031373428646475077,-0.0004227031022310257,0.0003848388441838324,0.9999949932098389
1780203882089640600,2,-0.7239051461219788,0.14525842666625977,0.09548170119524002,-0.002393845934420824,0.008326923474669456,0.017710141837596893,0.9998056292533875
1780203882089640600,1,-0.21399955451488495,0.08837797492742538,0.015520231798291206,0.0031317442189902067,-0.00047130638267844915,0.0004011225828435272,0.9999949932098389
1780203882104824100,2,-0.7239051461219788,0.14525842666625977,0.09548170119524002,-0.002393845934420824,0.008326923474669456,0.017710141837596893,0.9998056292533875
1780203882104824100,1,-0.21398025751113892,0.08838382363319397,0.01552436500787735,0.003145344089716673,-0.00047152271145023406,0.00037328089820221066,0.9999948740005493
1780203882104824100,2,-0.7239051461219788,0.14525842666625977,0.09548170119524002,-0.002393845934420824,0.008326923474669456,0.017710141837596893,0.9998056292533875
1780203882104824100,1,-0.21397200226783752,0.08838748931884766,0.01552872359752655,0.003201022045686841,-0.00046939062303863466,0.00037172160227783024,0.9999947547912598
1780203882104824100,2,-0.7239051461219788,0.14525842666625977,0.09548170119524002,-0.002393845934420824,0.008326923474669456,0.017710141837596893,0.9998056292533875
1780203882120732900,1,-0.21396172046661377,0.08839921653270721,0.015545478090643883,0.0032292387913912535,-0.000500624708365649,0.00035316060530021787,0.9999946355819702
1780203882120732900,2,-0.7239051461219788,0.14525842666625977,0.09548170119524002,-0.002393845934420824,0.008326923474669456,0.017710141837596893,0.9998056292533875
1780203882136735400,1,-0.21396611630916595,0.08841098845005035,0.015554205514490604,0.0032205809839069843,-0.00046262319665402174,0.00038454949390143156,0.9999946355819702
1780203882136735400,2,-0.7239051461219788,0.14525842666625977,0.09548170119524002,-0.002393845934420824,0.008326923474669456,0.017710141837596893,0.9998056292533875
1780203882142683600,1,-0.21397285163402557,0.08842192590236664,0.015554131008684635,0.0032305261120200157,-0.00047338250442408025,0.0003808913170360029,0.9999946355819702
1780203882142683600,2,-0.7239051461219788,0.14525842666625977,0.09548170119524002,-0.002393845934420824,0.008326923474669456,0.017710141837596893,0.9998056292533875
1780203882152472600,1,-0.21398793160915375,0.08842094987630844,0.015542021952569485,0.0031548866536468267,-0.0004610121832229197,0.00037758960388600826,0.9999948740005493
1780203882152472600,2,-0.7239051461219788,0.14525842666625977,0.09548170119524002,-0.002393845934420824,0.008326923474669456,0.017710141837596893,0.9998056292533875
1780203882152472600,1,-0.21398910880088806,0.08841285109519958,0.015530440025031567,0.003155728103592992,-0.00045920140109956264,0.0003681982634589076,0.9999948740005493
1780203882152472600,2,-0.7239051461219788,0.14525842666625977,0.09548170119524002,-0.002393845934420824,0.008326923474669456,0.017710141837596893,0.9998056292533875
1780203882168266100,1,-0.21399275958538055,0.08838605880737305,0.015521427616477013,0.0031725617591291666,-0.000438675720943138,0.00037643848918378353,0.9999948740005493
1780203882168266100,2,-0.7239051461219788,0.14525842666625977,0.09548170119524002,-0.002393845934420824,0.008326923474669456,0.017710141837596893,0.9998056292533875
1780203882173665400,1,-0.21398422122001648,0.0883944109082222,0.01552742999047041,0.003158171195536852,-0.000484260730445385,0.00039891578489914536,0.9999948740005493
1780203882173665400,2,-0.7239051461219788,0.14525842666625977,0.09548170119524002,-0.002393845934420824,0.008326923474669456,0.017710141837596893,0.9998056292533875
1780203882184120300,1,-0.2139776647090912,0.08838694542646408,0.015543915331363678,0.003146915230900049,-0.00047800340689718723,0.000372254173271358,0.9999948740005493
1780203882184120300,2,-0.7239051461219788,0.14525842666625977,0.09548170119524002,-0.002393845934420824,0.008326923474669456,0.017710141837596893,0.9998056292533875
1780203882184120300,1,-0.2139745056629181,0.08838648349046707,0.015560978092253208,0.003210782539099455,-0.000480991555377841,0.0003075167478527874,0.9999947547912598
1780203882184120300,2,-0.7239051461219788,0.14525842666625977,0.09548170119524002,-0.002393845934420824,0.008326923474669456,0.017710141837596893,0.9998056292533875
1780203882199982800,1,-0.2139776349067688,0.08840043842792511,0.015564224682748318,0.003236511955037713,-0.00047748538781888783,0.0003294170892331749,0.9999946355819702
1780203882199982800,2,-0.7239051461219788,0.14525842666625977,0.09548170119524002,-0.002393845934420824,0.008326923474669456,0.017710141837596893,0.9998056292533875
1780203882212443700,1,-0.21396879851818085,0.08842632174491882,0.015539061278104782,0.003201588522642851,-0.00046757858945056796,0.00028594068135134876,0.9999947547912598
1780203882212443700,2,-0.7239051461219788,0.14525842666625977,0.09548170119524002,-0.002393845934420824,0.008326923474669456,0.017710141837596893,0.9998056292533875
1780203882215775000,1,-0.213967964053154,0.08842053264379501,0.015526370145380497,0.003199406201019883,-0.00045950140338391066,0.0003161663480568677,0.9999947547912598
1780203882215775000,2,-0.7239051461219788,0.14525842666625977,0.09548170119524002,-0.002393845934420824,0.008326923474669456,0.017710141837596893,0.9998056292533875
1780203882215775000,1,-0.21397726237773895,0.08839890360832214,0.015515663661062717,0.0031330317724496126,-0.00043516792356967926,0.00038948882138356566,0.9999949932098389
1780203882215775000,2,-0.7239051461219788,0.14525842666625977,0.09548170119524002,-0.002393845934420824,0.008326923474669456,0.017710141837596893,0.9998056292533875
1780203882236325000,1,-0.2139892727136612,0.08837620168924332,0.01552386861294508,0.0032040351070463657,-0.0004844257782679051,0.00034598668571561575,0.9999947547912598
1780203882236325000,2,-0.7239051461219788,0.14525842666625977,0.09548170119524002,-0.002393845934420824,0.008326923474669456,0.017710141837596893,0.9998056292533875
1780203882243270000,1,-0.21399551630020142,0.08837488293647766,0.015535742044448853,0.0031566014513373375,-0.00047488167183473706,0.00033686935785226524,0.9999948740005493
1780203882243270000,2,-0.7239051461219788,0.14525842666625977,0.09548170119524002,-0.002393845934420824,0.008326923474669456,0.017710141837596893,0.9998056292533875
1780203882250119400,1,-0.21399053931236267,0.0883852168917656,0.015546886250376701,0.003165964502841234,-0.000480837159557268,0.0003756562655325979,0.9999948740005493
1780203882250119400,2,-0.7239051461219788,0.14525842666625977,0.09548170119524002,-0.002393845934420824,0.008326923474669456,0.017710141837596893,0.9998056292533875
1780203882259756900,1,-0.21397699415683746,0.08841216564178467,0.015557323582470417,0.0031863669864833355,-0.0004846473166253418,0.0003322853590361774,0.9999947547912598
1780203882259756900,2,-0.7239051461219788,0.14525842666625977,0.09548170119524002,-0.002393845934420824,0.008326923474669456,0.017710141837596893,0.9998056292533875
1780203882267963600,1,-0.21397186815738678,0.08841902762651443,0.01555381715297699,0.003229957539588213,-0.0005021034739911556,0.0003030782681889832,0.9999946355819702
1780203882267963600,2,-0.7239051461219788,0.14525842666625977,0.09548170119524002,-0.002393845934420824,0.008326923474669456,0.017710141837596893,0.9998056292533875
1780203882267963600,1,-0.21396192908287048,0.0884283185005188,0.015539396554231644,0.003180171363055706,-0.0004600023676175624,0.0003416909312363714,0.9999947547912598
1780203882267963600,2,-0.7239051461219788,0.14525842666625977,0.09548170119524002,-0.002393845934420824,0.008326923474669456,0.017710141837596893,0.9998056292533875
1780203882285965800,1,-0.21396926045417786,0.08840619772672653,0.01553171593695879,0.0031534491572529078,-0.0004562229150906205,0.00039522774750366807,0.9999948740005493
1780203882285965800,2,-0.7239051461219788,0.14525842666625977,0.09548170119524002,-0.002393845934420824,0.008326923474669456,0.017710141837596893,0.9998056292533875
1780203882295791600,1,-0.2139788419008255,0.08838263154029846,0.015524497255682945,0.00319222011603415,-0.00047028824337758124,0.00037866897764615715,0.9999947547912598
1780203882295791600,2,-0.7239051461219788,0.14525842666625977,0.09548170119524002,-0.002393845934420824,0.008326923474669456,0.017710141837596893,0.9998056292533875
1780203882295791600,1,-0.21398675441741943,0.08835751563310623,0.015536095015704632,0.0032178526744246483,-0.000464659184217453,0.0003381518181413412,0.9999946355819702
1780203882295791600,2,-0.7239051461219788,0.14525842666625977,0.09548170119524002,-0.002393845934420824,0.008326923474669456,0.017710141837596893,0.9998056292533875
1780203882311719700,1,-0.2139923870563507,0.08837143331766129,0.015539419837296009,0.0031559050548821688,-0.000457543705124408,0.0003607182879932225,0.9999948740005493
1780203882311719700,2,-0.7239051461219788,0.14525842666625977,0.09548170119524002,-0.002393845934420824,0.008326923474669456,0.017710141837596893,0.9998056292533875
1780203882311719700,1,-0.21399645507335663,0.08837912231683731,0.015546723268926144,0.003153058933094144,-0.00047446403186768293,0.0003632744774222374,0.9999948740005493
1780203882311719700,2,-0.7239051461219788,0.14525842666625977,0.09548170119524002,-0.002393845934420824,0.008326923474669456,0.017710141837596893,0.9998056292533875
1780203882327824200,1,-0.21398405730724335,0.08842067420482635,0.015541953034698963,0.003183170687407255,-0.00047972192987799644,0.00037148399860598147,0.9999947547912598
1780203882327824200,2,-0.7239051461219788,0.14525842666625977,0.09548170119524002,-0.002393845934420824,0.008326923474669456,0.017710141837596893,0.9998056292533875
1780203882327824200,1,-0.21396851539611816,0.08844131231307983,0.015543336048722267,0.0031538796611130238,-0.0004450306296348572,0.00043250329326838255,0.9999948740005493
1780203882327824200,2,-0.7239051461219788,0.14525842666625977,0.09548170119524002,-0.002393845934420824,0.008326923474669456,0.017710141837596893,0.9998056292533875
1780203882343799000,1,-0.21396398544311523,0.08843658864498138,0.01554286852478981,0.003184824949130416,-0.0004755541158374399,0.0003637572517618537,0.9999947547912598
1780203882343799000,2,-0.7239051461219788,0.14525842666625977,0.09548170119524002,-0.002393845934420824,0.008326923474669456,0.017710141837596893,0.9998056292533875
1780203882343799000,1,-0.2139662355184555,0.08840920776128769,0.015544604510068893,0.003203715430572629,-0.0004841283953282982,0.0003075480635743588,0.9999947547912598
1780203882343799000,2,-0.7239051461219788,0.14525842666625977,0.09548170119524002,-0.002393845934420824,0.008326923474669456,0.017710141837596893,0.9998056292533875
1780203882359716300,1,-0.21397414803504944,0.08838960528373718,0.015535351820290089,0.003151410259306431,-0.0004622786946129054,0.00037616569898091257,0.9999948740005493
1780203882359716300,2,-0.7239051461219788,0.14525842666625977,0.09548170119524002,-0.002393845934420824,0.008326923474669456,0.017710141837596893,0.9998056292533875
1780203882359716300,1,-0.213988795876503,0.08836082369089127,0.015532802790403366,0.0031831141095608473,-0.0004732371016871184,0.0003197926562279463,0.9999947547912598
1780203882359716300,2,-0.7239051461219788,0.14525842666625977,0.09548170119524002,-0.002393845934420824,0.008326923474669456,0.017710141837596893,0.9998056292533875
1780203882375517500,1,-0.21398678421974182,0.08836531639099121,0.01553896814584732,0.003198218299075961,-0.0004967902204953134,0.0003260262601543218,0.9999947547912598
1780203882375517500,2,-0.7239051461219788,0.14525842666625977,0.09548170119524002,-0.002393845934420824,0.008326923474669456,0.017710141837596893,0.9998056292533875
1780203882375517500,1,-0.2139875888824463,0.08838386833667755,0.015542572364211082,0.0031955353915691376,-0.00048190393135882914,0.00033632543636485934,0.9999947547912598
1780203882375517500,2,-0.7239051461219788,0.14525842666625977,0.09548170119524002,-0.002393845934420824,0.008326923474669456,0.017710141837596893,0.9998056292533875
1780203882391563400,1,-0.21398575603961945,0.08840716630220413,0.015546450391411781,0.003184257075190544,-0.0004754344990942627,0.00042301591020077467,0.9999947547912598
1780203882391563400,2,-0.7239051461219788,0.14525842666625977,0.09548170119524002,-0.002393845934420824,0.008326923474669456,0.017710141837596893,0.9998056292533875
1780203882391563400,1,-0.2139779031276703,0.08843079954385757,0.015544903464615345,0.003193460637703538,-0.00045906176092103124,0.00040295199141837656,0.9999947547912598
1780203882391563400,2,-0.7239051461219788,0.14525842666625977,0.09548170119524002,-0.002393845934420824,0.008326923474669456,0.017710141837596893,0.9998056292533875
1780203882410665500,1,-0.21397081017494202,0.08843842893838882,0.015544206835329533,0.0031766274478286505,-0.0004635968361981213,0.00041499242070131004,0.9999947547912598
1780203882410665500,2,-0.7239051461219788,0.14525842666625977,0.09548170119524002,-0.002393845934420824,0.008326923474669456,0.017710141837596893,0.9998056292533875
1780203882410665500,1,-0.21397024393081665,0.08843342959880829,0.015543295070528984,0.003239294746890664,-0.0004793665139004588,0.00036427692975848913,0.9999946355819702
1780203882410665500,2,-0.7239051461219788,0.14525842666625977,0.09548170119524002,-0.002393845934420824,0.008326923474669456,0.017710141837596893,0.9998056292533875
1780203882425951100,1,-0.21396729350090027,0.08841565251350403,0.015543821267783642,0.0032079305965453386,-0.0004973842296749353,0.0003570107219275087,0.9999947547912598
1780203882425951100,2,-0.7239051461219788,0.14525842666625977,0.09548170119524002,-0.002393845934420824,0.008326923474669456,0.017710141837596893,0.9998056292533875
1780203882425951100,1,-0.21398605406284332,0.0883847326040268,0.015538746491074562,0.0031732688657939434,-0.00047637964598834515,0.0003966568619944155,0.9999947547912598
1780203882425951100,2,-0.7239051461219788,0.14525842666625977,0.09548170119524002,-0.002393845934420824,0.008326923474669456,0.017710141837596893,0.9998056292533875
1780203882446497900,1,-0.2139952927827835,0.08836784958839417,0.01553923636674881,0.0031693081837147474,-0.00047625211300328374,0.0003828703484032303,0.9999948740005493
1780203882446497900,2,-0.7239051461219788,0.14525842666625977,0.09548170119524002,-0.002393845934420824,0.008326923474669456,0.017710141837596893,0.9998056292533875
1780203882446497900,1,-0.21399059891700745,0.08837223052978516,0.01553724892437458,0.0031661163084208965,-0.00047728337813168764,0.00037160038482397795,0.9999948740005493
1780203882446497900,2,-0.7239051461219788,0.14525842666625977,0.09548170119524002,-0.002393845934420824,0.008326923474669456,0.017710141837596893,0.9998056292533875
1780203882455801100,1,-0.21397660672664642,0.08839689195156097,0.01553426031023264,0.003162556095048785,-0.0004522052768152207,0.0003887212660629302,0.9999948740005493
1780203882455801100,2,-0.7239051461219788,0.14525842666625977,0.09548170119524002,-0.002393845934420824,0.008326923474669456,0.017710141837596893,0.9998056292533875
1780203882455801100,1,-0.21396653354167938,0.08841220289468765,0.015538006089627743,0.0032132600899785757,-0.00047271334915421903,0.00034285313449800014,0.9999947547912598
1780203882472032700,2,-0.7239051461219788,0.14525842666625977,0.09548170119524002,-0.002393845934420824,0.008326923474669456,0.017710141837596893,0.9998056292533875
1780203882472032700,1,-0.21396508812904358,0.08843005448579788,0.015543212182819843,0.00311961374245584,-0.00046284758718684316,0.00038260570727288723,0.9999949932098389
1780203882472032700,2,-0.7239051461219788,0.14525842666625977,0.09548170119524002,-0.002393845934420824,0.008326923474669456,0.017710141837596893,0.9998056292533875
1780203882472032700,1,-0.21396735310554504,0.08844009786844254,0.015549659729003906,0.003154192818328738,-0.00045887386659160256,0.0004463209770619869,0.9999948740005493
1780203882487858600,2,-0.7239051461219788,0.14525842666625977,0.09548170119524002,-0.002393845934420824,0.008326923474669456,0.017710141837596893,0.9998056292533875
1780203882495584300,1,-0.21397948265075684,0.08842103183269501,0.015556235797703266,0.0032507337164133787,-0.00048213591799139977,0.00036707325489260256,0.9999945163726807
1780203882495584300,2,-0.7239051461219788,0.14525842666625977,0.09548170119524002,-0.002393845934420824,0.008326923474669456,0.017710141837596893,0.9998056292533875
1780203882503723300,1,-0.21399223804473877,0.0884079858660698,0.01554274745285511,0.0031760854180902243,-0.00048317390610463917,0.0003543600323610008,0.9999947547912598
1780203882503723300,2,-0.7239051461219788,0.14525842666625977,0.09548170119524002,-0.002393845934420824,0.008326923474669456,0.017710141837596893,0.9998056292533875
1780203882511760200,1,-0.21400116384029388,0.08837886154651642,0.015539774671196938,0.003201770596206188,-0.00045852907351218164,0.00038641697028651834,0.9999947547912598
1780203882511760200,2,-0.7239051461219788,0.14525842666625977,0.09548170119524002,-0.002393845934420824,0.008326923474669456,0.017710141837596893,0.9998056292533875
1780203882519786300,1,-0.21398963034152985,0.08837342262268066,0.015529589727520943,0.0031887756194919348,-0.000469294551294297,0.00038849678821861744,0.9999947547912598
1780203882519786300,2,-0.7239051461219788,0.14525842666625977,0.09548170119524002,-0.002393845934420824,0.008326923474669456,0.017710141837596893,0.9998056292533875
1780203882519786300,1,-0.2139720618724823,0.08838076889514923,0.015523301437497139,0.0031512638088315725,-0.0004792529798578471,0.0003356122178956866,0.9999948740005493
1780203882519786300,2,-0.7239051461219788,0.14525842666625977,0.09548170119524002,-0.002393845934420824,0.008326923474669456,0.017710141837596893,0.9998056292533875
1780203882535592800,1,-0.21395815908908844,0.08840424567461014,0.015523149631917477,0.003121284767985344,-0.00047200819244608283,0.0003658938512671739,0.9999949932098389
1780203882535592800,2,-0.7239051461219788,0.14525842666625977,0.09548170119524002,-0.002393845934420824,0.008326923474669456,0.017710141837596893,0.9998056292533875
1780203882544931500,1,-0.2139604687690735,0.08840611577033997,0.015540904365479946,0.003161239204928279,-0.0004644543514586985,0.00032099185045808554,0.9999948740005493
1780203882544931500,2,-0.7239051461219788,0.14525842666625977,0.09548170119524002,-0.002393845934420824,0.008326923474669456,0.017710141837596893,0.9998056292533875
1780203882551408200,1,-0.21396580338478088,0.08841605484485626,0.015557142905890942,0.0031228798907250166,-0.0004511754377745092,0.0003489998052828014,0.9999949932098389
1780203882551408200,2,-0.7239051461219788,0.14525842666625977,0.09548170119524002,-0.002393845934420824,0.008326923474669456,0.017710141837596893,0.9998056292533875
1780203882560015600,1,-0.21398036181926727,0.08841755986213684,0.0155631760135293,0.003177477978169918,-0.00047544800327159464,0.0003930529346689582,0.9999947547912598
1780203882560015600,2,-0.7239051461219788,0.14525842666625977,0.09548170119524002,-0.002393845934420824,0.008326923474669456,0.017710141837596893,0.9998056292533875
1780203882569826800,1,-0.21399347484111786,0.08840666711330414,0.015554247424006462,0.0031836535781621933,-0.0004834507417399436,0.0003841059806291014,0.9999947547912598
1780203882569826800,2,-0.7239051461219788,0.14525842666625977,0.09548170119524002,-0.002393845934420824,0.008326923474669456,0.017710141837596893,0.9998056292533875
1780203882573866200,1,-0.21399924159049988,0.08839120715856552,0.015543865971267223,0.003207847476005554,-0.0004842640773858875,0.0003924039483536035,0.9999946355819702
1780203882573866200,2,-0.7239051461219788,0.14525842666625977,0.09548170119524002,-0.002393845934420824,0.008326923474669456,0.017710141837596893,0.9998056292533875
1780203882583670100,1,-0.21399341523647308,0.08838497847318649,0.015527304261922836,0.0031905777286738157,-0.00047933246241882443,0.00036662083584815264,0.9999947547912598
1780203882583670100,2,-0.7239051461219788,0.14525842666625977,0.09548170119524002,-0.002393845934420824,0.008326923474669456,0.017710141837596893,0.9998056292533875
1780203882583670100,1,-0.21398314833641052,0.0883844867348671,0.015521032735705376,0.003122056368738413,-0.000454115477623418,0.00041791246621869504,0.9999949932098389
1780203882583670100,2,-0.7239051461219788,0.14525842666625977,0.09548170119524002,-0.002393845934420824,0.008326923474669456,0.017710141837596893,0.9998056292533875
1780203882602019500,1,-0.21397240459918976,0.08839020878076553,0.01552317850291729,0.003153463127091527,-0.00047700569848529994,0.00037519773468375206,0.9999948740005493
1780203882602019500,2,-0.7239051461219788,0.14525842666625977,0.09548170119524002,-0.002393845934420824,0.008326923474669456,0.017710141837596893,0.9998056292533875
1780203882602019500,1,-0.21397364139556885,0.0884142592549324,0.015529068186879158,0.0031560605857521296,-0.00046672593452967703,0.000421778648160398,0.9999948740005493
1780203882602019500,2,-0.7239051461219788,0.14525842666625977,0.09548170119524002,-0.002393845934420824,0.008326923474669456,0.017710141837596893,0.9998056292533875
1780203882619867600,1,-0.21396858990192413,0.08841902017593384,0.015556159429252148,0.003199316095560789,-0.0004727240593638271,0.0003869697102345526,0.9999947547912598
1780203882619867600,2,-0.7239051461219788,0.14525842666625977,0.09548170119524002,-0.002393845934420824,0.008326923474669456,0.017710141837596893,0.9998056292533875
1780203882619867600,1,-0.2139740288257599,0.08842150121927261,0.015563245862722397,0.0032308800145983696,-0.00047898892080411315,0.00028721950366161764,0.9999946355819702
1780203882619867600,2,-0.7239051461219788,0.14525842666625977,0.09548170119524002,-0.002393845934420824,0.008326923474669456,0.017710141837596893,0.9998056292533875
1780203882631766600,1,-0.21398712694644928,0.08841397613286972,0.01555679552257061,0.0031719310209155083,-0.00048037603846751153,0.0003766820882447064,0.9999947547912598
1780203882631766600,2,-0.7239051461219788,0.14525842666625977,0.09548170119524002,-0.002393845934420824,0.008326923474669456,0.017710141837596893,0.9998056292533875
1780203882645397400,1,-0.21398597955703735,0.08840584009885788,0.01554581243544817,0.0031575323082506657,-0.0004499396600294858,0.00040334882214665413,0.9999948740005493
1780203882645397400,2,-0.7239051461219788,0.14525842666625977,0.09548170119524002,-0.002393845934420824,0.008326923474669456,0.017710141837596893,0.9998056292533875
1780203882649529700,1,-0.21398480236530304,0.08838512748479843,0.015535665675997734,0.0032030886504799128,-0.00046390853822231293,0.00034478696761652827,0.9999947547912598
1780203882649529700,2,-0.7239051461219788,0.14525842666625977,0.09548170119524002,-0.002393845934420824,0.008326923474669456,0.017710141837596893,0.9998056292533875
1780203882658972200,1,-0.21398013830184937,0.08837845176458359,0.015531249344348907,0.0031635863706469536,-0.00044818062451668084,0.00037285350845195353,0.9999948740005493
1780203882658972200,2,-0.7239051461219788,0.14525842666625977,0.09548170119524002,-0.002393845934420824,0.008326923474669456,0.017710141837596893,0.9998056292533875
1780203882668800900,1,-0.21397742629051208,0.088379867374897,0.01553196832537651,0.0031792272347956896,-0.00047983130207285285,0.0003150540287606418,0.9999947547912598
1780203882668800900,2,-0.7239051461219788,0.14525842666625977,0.09548170119524002,-0.002393845934420824,0.008326923474669456,0.017710141837596893,0.9998056292533875
1780203882679138700,1,-0.21397624909877777,0.08839132636785507,0.015526318922638893,0.003177960868924856,-0.0004780846065841615,0.0002950261114165187,0.9999948740005493
1780203882679138700,2,-0.7239051461219788,0.14525842666625977,0.09548170119524002,-0.002393845934420824,0.008326923474669456,0.017710141837596893,0.9998056292533875
1780203882681769500,1,-0.21396706998348236,0.0884193629026413,0.015543737448751926,0.003207277273759246,-0.0004951477749273181,0.00032465660478919744,0.9999947547912598
1780203882681769500,2,-0.7239051461219788,0.14525842666625977,0.09548170119524002,-0.002393845934420824,0.008326923474669456,0.017710141837596893,0.9998056292533875
1780203882694930900,1,-0.21397614479064941,0.08841902762651443,0.015544981695711613,0.0031754334922879934,-0.0004711104847956449,0.00036967519554309547,0.9999947547912598
1780203882694930900,2,-0.7239051461219788,0.14525842666625977,0.09548170119524002,-0.002393845934420824,0.008326923474669456,0.017710141837596893,0.9998056292533875
1780203882704076000,1,-0.21397976577281952,0.08841168880462646,0.015550129115581512,0.003184252418577671,-0.0004771591629832983,0.0004074624739587307,0.9999947547912598
1780203882704076000,2,-0.7239051461219788,0.14525842666625977,0.09548170119524002,-0.002393845934420824,0.008326923474669456,0.017710141837596893,0.9998056292533875
1780203882710681300,1,-0.21398073434829712,0.088407501578331,0.015535482205450535,0.0031788370106369257,-0.0004891389398835599,0.0003829512861557305,0.9999947547912598
1780203882710681300,2,-0.7239051461219788,0.14525842666625977,0.09548170119524002,-0.002393845934420824,0.008326923474669456,0.017710141837596893,0.9998056292533875
1780203882714717400,1,-0.21398864686489105,0.08839304745197296,0.015530888922512531,0.0032035070471465588,-0.0004750967491418123,0.00037871726090088487,0.9999947547912598
1780203882714717400,2,-0.7239051461219788,0.14525842666625977,0.09548170119524002,-0.002393845934420824,0.008326923474669456,0.017710141837596893,0.9998056292533875
1780203882726636100,1,-0.21399059891700745,0.08837908506393433,0.01552918367087841,0.0031945453956723213,-0.0004901072243228555,0.0004141785320825875,0.9999947547912598
1780203882726636100,2,-0.7239051461219788,0.14525842666625977,0.09548170119524002,-0.002393845934420824,0.008326923474669456,0.017710141837596893,0.9998056292533875
1780203882726636100,1,-0.21398624777793884,0.08837880194187164,0.015525599010288715,0.003171827644109726,-0.0004740282311104238,0.00037763750879094005,0.9999948740005493
1780203882726636100,2,-0.7239051461219788,0.14525842666625977,0.09548170119524002,-0.002393845934420824,0.008326923474669456,0.017710141837596893,0.9998056292533875
1780203882744467800,1,-0.21397140622138977,0.08839458227157593,0.015543190762400627,0.003198504215106368,-0.00048696622252464294,0.00033949819044210017,0.9999947547912598
1780203882744467800,2,-0.7239051461219788,0.14525842666625977,0.09548170119524002,-0.002393845934420824,0.008326923474669456,0.017710141837596893,0.9998056292533875
1780203882746618700,1,-0.21397456526756287,0.08840696513652802,0.015555593185126781,0.003170919604599476,-0.00047218750114552677,0.0004036549653392285,0.9999947547912598
1780203882746618700,2,-0.7239051461219788,0.14525842666625977,0.09548170119524002,-0.002393845934420824,0.008326923474669456,0.017710141837596893,0.9998056292533875
1780203882760165900,1,-0.2139645218849182,0.088424451649189,0.01555441040545702,0.003247688291594386,-0.00047723250463604927,0.0003471210948191583,0.9999946355819702
1780203882760165900,2,-0.7239051461219788,0.14525842666625977,0.09548170119524002,-0.002393845934420824,0.008326923474669456,0.017710141837596893,0.9998056292533875
1780203882760165900,1,-0.21397006511688232,0.08841889351606369,0.015544925816357136,0.003228571033105254,-0.00048738194163888693,0.0003213838499505073,0.9999946355819702
1780203882760165900,2,-0.7239051461219788,0.14525842666625977,0.09548170119524002,-0.002393845934420824,0.008326923474669456,0.017710141837596893,0.9998056292533875
1780203882774331700,1,-0.2139861285686493,0.08840392529964447,0.015538026578724384,0.0032200850546360016,-0.0005062238778918982,0.0003447661583777517,0.9999946355819702
1780203882774331700,2,-0.7239051461219788,0.14525842666625977,0.09548170119524002,-0.002393845934420824,0.008326923474669456,0.017710141837596893,0.9998056292533875
1780203882784750700,1,-0.21399393677711487,0.08838874846696854,0.015525825321674347,0.0031932201236486435,-0.00046014608233235776,0.0003833667724393308,0.9999947547912598
1780203882784750700,2,-0.7239051461219788,0.14525842666625977,0.09548170119524002,-0.002393845934420824,0.008326923474669456,0.017710141837596893,0.9998056292533875
1780203882796927700,1,-0.2139955312013626,0.08837851881980896,0.015527338720858097,0.003163357498124242,-0.00043422559974715114,0.00033420432009734213,0.9999948740005493
1780203882796927700,2,-0.7239051461219788,0.14525842666625977,0.09548170119524002,-0.002393845934420824,0.008326923474669456,0.017710141837596893,0.9998056292533875
1780203882796927700,1,-0.21399255096912384,0.088381327688694,0.01553464587777853,0.0032027398701757193,-0.00048737070756033063,0.000378496857592836,0.9999947547912598
1780203882796927700,2,-0.7239051461219788,0.14525842666625977,0.09548170119524002,-0.002393845934420824,0.008326923474669456,0.017710141837596893,0.9998056292533875
1780203882813803900,1,-0.2139778584241867,0.08840520679950714,0.01554191019386053,0.003195379627868533,-0.0004825227952096611,0.000414988404372707,0.9999947547912598
1780203882813803900,2,-0.7239051461219788,0.14525842666625977,0.09548170119524002,-0.002393845934420824,0.008326923474669456,0.017710141837596893,0.9998056292533875
1780203882813803900,1,-0.21397028863430023,0.08841729164123535,0.015560309402644634,0.0031721689738333225,-0.00045310880523175,0.00035648359335027635,0.9999948740005493
1780203882813803900,2,-0.7239051461219788,0.14525842666625977,0.09548170119524002,-0.002393845934420824,0.008326923474669456,0.017710141837596893,0.9998056292533875
1780203882826414000,1,-0.21396313607692719,0.08842452615499496,0.015557911247015,0.003152851713821292,-0.0004635054210666567,0.0003816538956016302,0.9999948740005493
1780203882826414000,2,-0.7239051461219788,0.14525842666625977,0.09548170119524002,-0.002393845934420824,0.008326923474669456,0.017710141837596893,0.9998056292533875
1780203882826414000,1,-0.2139580100774765,0.08842355757951736,0.01554811280220747,0.003183709690347314,-0.0005030290340073407,0.0003735206846613437,0.9999947547912598
1780203882826414000,2,-0.7239051461219788,0.14525842666625977,0.09548170119524002,-0.002393845934420824,0.008326923474669456,0.017710141837596893,0.9998056292533875
1780203882847190000,1,-0.21396766602993011,0.08840358257293701,0.015537691302597523,0.003205822315067053,-0.00045506434980779886,0.00036046194145455956,0.9999947547912598
1780203882847190000,2,-0.7239051461219788,0.14525842666625977,0.09548170119524002,-0.002393845934420824,0.008326923474669456,0.017710141837596893,0.9998056292533875
1780203882854544600,1,-0.21398496627807617,0.08837903290987015,0.015519017353653908,0.0031706243753433228,-0.0004566638090182096,0.00037040948518551886,0.9999948740005493
1780203882854544600,2,-0.7239051461219788,0.14525842666625977,0.09548170119524002,-0.002393845934420824,0.008326923474669456,0.017710141837596893,0.9998056292533875
1780203882854544600,1,-0.21399706602096558,0.0883665457367897,0.015520337969064713,0.003168234135955572,-0.000475475360872224,0.00033905880991369486,0.9999948740005493
1780203882854544600,2,-0.7239051461219788,0.14525842666625977,0.09548170119524002,-0.002393845934420824,0.008326923474669456,0.017710141837596893,0.9998056292533875
1780203882870384800,1,-0.213997483253479,0.08837632089853287,0.01552937924861908,0.0031628678552806377,-0.00047644475125707686,0.0003995872102677822,0.9999948740005493
1780203882870384800,2,-0.7239051461219788,0.14525842666625977,0.09548170119524002,-0.002393845934420824,0.008326923474669456,0.017710141837596893,0.9998056292533875
1780203882870384800,1,-0.2139812856912613,0.08840963989496231,0.015547570772469044,0.003196127712726593,-0.0004483100783545524,0.00032266194466501474,0.9999947547912598
1780203882870384800,2,-0.7239051461219788,0.14525842666625977,0.09548170119524002,-0.002393845934420824,0.008326923474669456,0.017710141837596893,0.9998056292533875
1780203882886323400,1,-0.21397753059864044,0.08842267096042633,0.01555719692260027,0.0031878699082881212,-0.00046827387996017933,0.0004181046097073704,0.9999947547912598
1780203882886323400,2,-0.7239051461219788,0.14525842666625977,0.09548170119524002,-0.002393845934420824,0.008326923474669456,0.017710141837596893,0.9998056292533875
1780203882894600000,1,-0.21397361159324646,0.08841794729232788,0.015561217442154884,0.0032530943863093853,-0.0004836300213355571,0.0003440825967118144,0.9999945163726807
1780203882894600000,2,-0.7239051461219788,0.14525842666625977,0.09548170119524002,-0.002393845934420824,0.008326923474669456,0.017710141837596893,0.9998056292533875
1780203882902202900,1,-0.2139626443386078,0.0884203091263771,0.015552258118987083,0.00321740354411304,-0.0004749857180286199,0.000327549030771479,0.9999946355819702
1780203882902202900,2,-0.7239051461219788,0.14525842666625977,0.09548170119524002,-0.002393845934420824,0.008326923474669456,0.017710141837596893,0.9998056292533875
1780203882902202900,1,-0.21396492421627045,0.08840281516313553,0.015538781881332397,0.003138965228572488,-0.0004677922697737813,0.00041093240724876523,0.9999948740005493
1780203882902202900,2,-0.7239051461219788,0.14525842666625977,0.09548170119524002,-0.002393845934420824,0.008326923474669456,0.017710141837596893,0.9998056292533875
1780203882918482400,1,-0.2139776051044464,0.08837331831455231,0.015537400729954243,0.003175152000039816,-0.00047186450683511794,0.000414548470871523,0.9999947547912598
1780203882918482400,2,-0.7239051461219788,0.14525842666625977,0.09548170119524002,-0.002393845934420824,0.008326923474669456,0.017710141837596893,0.9998056292533875
1780203882924340400,1,-0.21399277448654175,0.08835747838020325,0.0155267883092165,0.003177014645189047,-0.000460723735159263,0.0003695320338010788,0.9999947547912598
1780203882924340400,2,-0.7239051461219788,0.14525842666625977,0.09548170119524002,-0.002393845934420824,0.008326923474669456,0.017710141837596893,0.9998056292533875
1780203882936223300,1,-0.2140071541070938,0.08835658431053162,0.015534881502389908,0.0031467063818126917,-0.0004594655183609575,0.00035840520286001265,0.9999948740005493
1780203882936223300,2,-0.7239051461219788,0.14525842666625977,0.09548170119524002,-0.002393845934420824,0.008326923474669456,0.017710141837596893,0.9998056292533875
1780203882942817800,1,-0.21399608254432678,0.08839213848114014,0.015536963939666748,0.0031392432283610106,-0.0004577806976158172,0.00039703684160485864,0.9999948740005493
1780203882942817800,2,-0.7239051461219788,0.14525842666625977,0.09548170119524002,-0.002393845934420824,0.008326923474669456,0.017710141837596893,0.9998056292533875
1780203882950428600,1,-0.21397827565670013,0.08842585980892181,0.015544956550002098,0.0032277232967317104,-0.00048409795272164047,0.00035761098843067884,0.9999946355819702
1780203882950428600,2,-0.7239051461219788,0.14525842666625977,0.09548170119524002,-0.002393845934420824,0.008326923474669456,0.017710141837596893,0.9998056292533875
1780203882950428600,1,-0.21397362649440765,0.0884394645690918,0.015553329139947891,0.003236556425690651,-0.0004665112937800586,0.00039876572554931045,0.9999946355819702
1780203882950428600,2,-0.7239051461219788,0.14525842666625977,0.09548170119524002,-0.002393845934420824,0.008326923474669456,0.017710141837596893,0.9998056292533875
1780203882966450600,1,-0.21396508812904358,0.0884394496679306,0.015551650896668434,0.003217672696337104,-0.00045014420174993575,0.00031907670199871063,0.9999947547912598
1780203882966450600,2,-0.7239051461219788,0.14525842666625977,0.09548170119524002,-0.002393845934420824,0.008326923474669456,0.017710141837596893,0.9998056292533875
1780203882966450600,1,-0.21397022902965546,0.08842625468969345,0.015547692775726318,0.0032300250604748726,-0.00047121132956817746,0.00035321389441378415,0.9999946355819702
1780203882966450600,2,-0.7239051461219788,0.14525842666625977,0.09548170119524002,-0.002393845934420824,0.008326923474669456,0.017710141837596893,0.9998056292533875
1780203882988400200,1,-0.21398372948169708,0.08839725703001022,0.015541556291282177,0.003204531967639923,-0.00044573171180672944,0.00035473736352287233,0.9999947547912598
1780203882988400200,2,-0.7239051461219788,0.14525842666625977,0.09548170119524002,-0.002393845934420824,0.008326923474669456,0.017710141837596893,0.9998056292533875
1780203882988400200,1,-0.21399252116680145,0.08836676180362701,0.015532901510596275,0.0032073925249278545,-0.0004681363934651017,0.00032627920154482126,0.9999947547912598
1780203882988400200,2,-0.7239051461219788,0.14525842666625977,0.09548170119524002,-0.002393845934420824,0.008326923474669456,0.017710141837596893,0.9998056292533875
1780203882998139300,1,-0.21399211883544922,0.08835132420063019,0.015536182560026646,0.0032113585621118546,-0.0004663075669668615,0.0003942445036955178,0.9999946355819702
1780203882998139300,2,-0.7239051461219788,0.14525842666625977,0.09548170119524002,-0.002393845934420824,0.008326923474669456,0.017710141837596893,0.9998056292533875
1780203883014080400,1,-0.21398553252220154,0.08836822956800461,0.01554085873067379,0.0031890328973531723,-0.00046737250522710383,0.0004177878436166793,0.9999947547912598
1780203883014080400,2,-0.7239051461219788,0.14525842666625977,0.09548170119524002,-0.002393845934420824,0.008326923474669456,0.017710141837596893,0.9998056292533875
1780203883014080400,1,-0.21397247910499573,0.08839692920446396,0.015545741654932499,0.0031640995293855667,-0.00047657909453846514,0.00031215432682074606,0.9999948740005493
1780203883014080400,2,-0.7239051461219788,0.14525842666625977,0.09548170119524002,-0.002393845934420824,0.008326923474669456,0.017710141837596893,0.9998056292533875
1780203883030316000,1,-0.21396088600158691,0.0884358137845993,0.015550486743450165,0.0032076940406113863,-0.00046869766083545983,0.0003286862629465759,0.9999947547912598
1780203883030316000,2,-0.7239051461219788,0.14525842666625977,0.09548170119524002,-0.002393845934420824,0.008326923474669456,0.017710141837596893,0.9998056292533875
1780203883030316000,1,-0.21396543085575104,0.0884486585855484,0.015551493503153324,0.003198691178113222,-0.0004645995795726776,0.0003434181562624872,0.9999947547912598
1780203883030316000,2,-0.7239051461219788,0.14525842666625977,0.09548170119524002,-0.002393845934420824,0.008326923474669456,0.017710141837596893,0.9998056292533875
1780203883030316000,1,-0.21397995948791504,0.08842981606721878,0.015549929812550545,0.0031871525570750237,-0.0004616670776158571,0.000385573657695204,0.9999947547912598
1780203883030316000,2,-0.7239051461219788,0.14525842666625977,0.09548170119524002,-0.002393845934420824,0.008326923474669456,0.017710141837596893,0.9998056292533875
1780203883051343000,1,-0.2139868289232254,0.0884166955947876,0.015539618209004402,0.0031987132970243692,-0.0004810417885892093,0.00038860138738527894,0.9999947547912598
1780203883051343000,2,-0.7239051461219788,0.14525842666625977,0.09548170119524002,-0.002393845934420824,0.008326923474669456,0.017710141837596893,0.9998056292533875
1780203883062082000,1,-0.21398591995239258,0.08839776366949081,0.015532211400568485,0.003191926283761859,-0.0004848511016461998,0.0003995644801761955,0.9999947547912598
1780203883062082000,2,-0.7239051461219788,0.14525842666625977,0.09548170119524002,-0.002393845934420824,0.008326923474669456,0.017710141837596893,0.9998056292533875
1780203883062082000,1,-0.21399812400341034,0.08835924416780472,0.015528947114944458,0.003191294614225626,-0.00048407079884782434,0.0003852563095279038,0.9999947547912598
1780203883062082000,2,-0.7239051461219788,0.14525842666625977,0.09548170119524002,-0.002393845934420824,0.008326923474669456,0.017710141837596893,0.9998056292533875
1780203883078129400,1,-0.21399421989917755,0.08836354315280914,0.015529373660683632,0.0031894263811409473,-0.0004943025414831936,0.00035286552156321704,0.9999947547912598
1780203883078129400,2,-0.7239051461219788,0.14525842666625977,0.09548170119524002,-0.002393845934420824,0.008326923474669456,0.017710141837596893,0.9998056292533875
1780203883086176900,1,-0.21398550271987915,0.08838789910078049,0.0155375050380826,0.003203906351700425,-0.00044644318404607475,0.00031827003112994134,0.9999947547912598
1780203883086176900,2,-0.7239051461219788,0.14525842666625977,0.09548170119524002,-0.002393845934420824,0.008326923474669456,0.017710141837596893,0.9998056292533875
1780203883094062400,1,-0.21397550404071808,0.08840318024158478,0.015551945194602013,0.003226409200578928,-0.00048063669237308204,0.00033784835250116885,0.9999946355819702
1780203883094062400,2,-0.7239051461219788,0.14525842666625977,0.09548170119524002,-0.002393845934420824,0.008326923474669456,0.017710141837596893,0.9998056292533875
1780203883101971100,1,-0.213967427611351,0.08842475712299347,0.015551883727312088,0.0032139315735548735,-0.00048681802581995726,0.00035262107849121094,0.9999946355819702
1780203883101971100,2,-0.7239051461219788,0.14525842666625977,0.09548170119524002,-0.002393845934420824,0.008326923474669456,0.017710141837596893,0.9998056292533875
1780203883110151600,1,-0.2139648050069809,0.08843057602643967,0.015545537695288658,0.003128019394353032,-0.0004499969363678247,0.0003963633207604289,0.9999949932098389
1780203883110151600,2,-0.7239051461219788,0.14525842666625977,0.09548170119524002,-0.002393845934420824,0.008326923474669456,0.017710141837596893,0.9998056292533875
1780203883116279700,1,-0.21396788954734802,0.08842343837022781,0.015550694428384304,0.003153028432279825,-0.0004641517880372703,0.0003522501210682094,0.9999948740005493
1780203883116279700,2,-0.7239051461219788,0.14525842666625977,0.09548170119524002,-0.002393845934420824,0.008326923474669456,0.017710141837596893,0.9998056292533875
1780203883125903300,1,-0.21398615837097168,0.08840133249759674,0.015552323311567307,0.0031615516636520624,-0.0004677706747315824,0.00038712084642611444,0.9999948740005493
1780203883125903300,2,-0.7239051461219788,0.14525842666625977,0.09548170119524002,-0.002393845934420824,0.008326923474669456,0.017710141837596893,0.9998056292533875
1780203883131131200,1,-0.2140006572008133,0.08838711678981781,0.015542831271886826,0.0031715412624180317,-0.0004808905068784952,0.00038129385211504996,0.9999947547912598
1780203883131131200,2,-0.7239051461219788,0.14525842666625977,0.09548170119524002,-0.002393845934420824,0.008326923474669456,0.017710141837596893,0.9998056292533875
1780203883142070000,1,-0.21400097012519836,0.08838273584842682,0.015527738258242607,0.0032329403329640627,-0.0004915408790111542,0.00031320081325247884,0.9999946355819702
1780203883142070000,2,-0.7239051461219788,0.14525842666625977,0.09548170119524002,-0.002393845934420824,0.008326923474669456,0.017710141837596893,0.9998056292533875
1780203883151762300,1,-0.213992640376091,0.08839103579521179,0.0155190983787179,0.00320591707713902,-0.0004653808136936277,0.00033827932202257216,0.9999947547912598
1780203883151762300,2,-0.7239051461219788,0.14525842666625977,0.09548170119524002,-0.002393845934420824,0.008326923474669456,0.017710141837596893,0.9998056292533875
1780203883157768000,1,-0.21397504210472107,0.08840412646532059,0.015526601113379002,0.0031579602509737015,-0.00045551336370408535,0.00030947322375141084,0.9999948740005493
1780203883157768000,2,-0.7239051461219788,0.14525842666625977,0.09548170119524002,-0.002393845934420824,0.008326923474669456,0.017710141837596893,0.9998056292533875
1780203883157768000,1,-0.21396254003047943,0.0884261280298233,0.015535162761807442,0.003183539491146803,-0.0004620405670721084,0.0003630745050031692,0.9999947547912598
1780203883157768000,2,-0.7239051461219788,0.14525842666625977,0.09548170119524002,-0.002393845934420824,0.008326923474669456,0.017710141837596893,0.9998056292533875
1780203883179133300,1,-0.21396060287952423,0.08841604739427567,0.015554607845842838,0.003190318588167429,-0.00048138826969079673,0.00032155701774172485,0.9999947547912598
1780203883179133300,2,-0.7239051461219788,0.14525842666625977,0.09548170119524002,-0.002393845934420824,0.008326923474669456,0.017710141837596893,0.9998056292533875
1780203883179133300,1,-0.2139601707458496,0.08841081708669662,0.015559358522295952,0.0031955260783433914,-0.00048088107723742723,0.0003797175013460219,0.9999947547912598
1780203883179133300,2,-0.7239051461219788,0.14525842666625977,0.09548170119524002,-0.002393845934420824,0.008326923474669456,0.017710141837596893,0.9998056292533875
1780203883189801800,1,-0.21397042274475098,0.08839086443185806,0.015562756918370724,0.003191510448232293,-0.000505309144500643,0.00027699145721271634,0.9999947547912598
1780203883189801800,2,-0.7239051461219788,0.14525842666625977,0.09548170119524002,-0.002393845934420824,0.008326923474669456,0.017710141837596893,0.9998056292533875
1780203883189801800,1,-0.21399126946926117,0.08838637173175812,0.015547400340437889,0.0031797168776392937,-0.0004647988826036453,0.00032888754503801465,0.9999947547912598
1780203883189801800,2,-0.7239051461219788,0.14525842666625977,0.09548170119524002,-0.002393845934420824,0.008326923474669456,0.017710141837596893,0.9998056292533875
1780203883205719600,1,-0.2139989733695984,0.08838459104299545,0.01554286852478981,0.003197863232344389,-0.000479984242701903,0.0003570065600797534,0.9999947547912598
1780203883205719600,2,-0.7239051461219788,0.14525842666625977,0.09548170119524002,-0.002393845934420824,0.008326923474669456,0.017710141837596893,0.9998056292533875
1780203883218167500,1,-0.21399478614330292,0.08839720487594604,0.015533991158008575,0.0031634261831641197,-0.00044489491847343743,0.0003882914315909147,0.9999948740005493
1780203883218167500,2,-0.7239051461219788,0.14525842666625977,0.09548170119524002,-0.002393845934420824,0.008326923474669456,0.017710141837596893,0.9998056292533875
1780203883228957200,1,-0.21399058401584625,0.08840905129909515,0.015520385466516018,0.003191418945789337,-0.0004763147735502571,0.00033610587706789374,0.9999947547912598
1780203883228957200,2,-0.7239051461219788,0.14525842666625977,0.09548170119524002,-0.002393845934420824,0.008326923474669456,0.017710141837596893,0.9998056292533875
1780203883228957200,1,-0.21397574245929718,0.08841802924871445,0.015524149872362614,0.0031846556812524796,-0.00046773022040724754,0.00034284169669263065,0.9999947547912598
1780203883237487000,2,-0.7239051461219788,0.14525842666625977,0.09548170119524002,-0.002393845934420824,0.008326923474669456,0.017710141837596893,0.9998056292533875
